,pcfg_jed,pcfg_odz,pcfg_prec,pcfg_f1,pcfg_isti,cnn_jed,cnn_odz,cnn_prec,cnn_f1,cnn_isti
tdbD00000008,1.0,1.0,1.0,1.0,True,1.0,1.0,1.0,1.0,True
tdbD00000017,1.0,1.0,1.0,1.0,True,1.0,1.0,1.0,1.0,True
tdbD00000019,0.9452054794520548,1.0,0.9130434782608695,0.9545454545454545,False,1.0,1.0,1.0,1.0,True
tdbD00000024,0.6944444444444444,0.5714285714285714,0.5714285714285714,0.5714285714285714,False,1.0,1.0,1.0,1.0,True
tdbD00000039,0.75,0.7142857142857143,0.6521739130434783,0.6818181818181819,False,1.0,1.0,1.0,1.0,True
tdbD00000089,1.0,1.0,1.0,1.0,True,1.0,1.0,1.0,1.0,True
tdbD00000090,0.9466666666666667,1.0,0.9130434782608695,0.9545454545454545,False,1.0,1.0,1.0,1.0,True
tdbD00000091,0.9473684210526315,1.0,0.9130434782608695,0.9545454545454545,False,1.0,1.0,1.0,1.0,True
tdbD00000217,0.8082191780821918,0.65,0.7647058823529411,0.7027027027027027,False,1.0,1.0,1.0,1.0,True
tdbD00000225,0.9722222222222222,0.9523809523809523,0.9523809523809523,0.9523809523809523,False,1.0,1.0,1.0,1.0,True
tdbD00000249,0.9736842105263158,0.95,1.0,0.9743589743589743,False,0.9736842105263158,0.95,1.0,0.9743589743589743,False
tdbD00000380,0.5,0.16666666666666666,0.3333333333333333,0.2222222222222222,False,1.0,1.0,1.0,1.0,True
tdbD00000384,0.6,0.5238095238095238,0.55,0.5365853658536585,False,1.0,1.0,1.0,1.0,True
tdbD00000504,0.5972222222222222,0.6,0.5454545454545454,0.5714285714285713,False,1.0,1.0,1.0,1.0,True
tdbD00000514,0.72,0.6190476190476191,0.6190476190476191,0.6190476190476191,False,1.0,1.0,1.0,1.0,True
tdbD00000534,0.9444444444444444,0.9047619047619048,1.0,0.9500000000000001,False,1.0,1.0,1.0,1.0,True
tdbD00000642,0.7464788732394366,0.5714285714285714,0.6,0.5853658536585366,False,0.7746478873239436,0.47619047619047616,0.5555555555555556,0.5128205128205129,False
tdbD00000645,0.9444444444444444,0.8947368421052632,1.0,0.9444444444444444,False,1.0,1.0,1.0,1.0,True
tdbD00000649,0.8356164383561644,0.8095238095238095,0.7083333333333334,0.7555555555555556,False,1.0,1.0,1.0,1.0,True
tdbD00000665,0.9444444444444444,0.9523809523809523,0.9523809523809523,0.9523809523809523,False,1.0,1.0,1.0,1.0,True
tdbD00000803,0.971830985915493,0.9545454545454546,1.0,0.9767441860465117,False,1.0,1.0,1.0,1.0,True
tdbD00000807,0.6710526315789473,0.5909090909090909,0.5,0.5416666666666667,False,1.0,1.0,1.0,1.0,True
tdbD00000812,0.8918918918918919,0.8095238095238095,1.0,0.8947368421052632,False,1.0,1.0,1.0,1.0,True
tdbD00000827,0.9466666666666667,1.0,0.9130434782608695,0.9545454545454545,False,1.0,1.0,1.0,1.0,True
tdbD00000833,0.92,1.0,0.875,0.9333333333333333,False,1.0,1.0,1.0,1.0,True
tdbD00000836,1.0,1.0,1.0,1.0,True,1.0,1.0,1.0,1.0,True
tdbD00000953,0.7746478873239436,0.7727272727272727,0.85,0.8095238095238095,False,1.0,1.0,1.0,1.0,True
tdbD00000987,1.0,1.0,1.0,1.0,True,1.0,1.0,1.0,1.0,True
tdbD00001142,0.948051948051948,1.0,0.9130434782608695,0.9545454545454545,False,1.0,1.0,1.0,1.0,True
tdbD00001159,1.0,1.0,1.0,1.0,True,1.0,1.0,1.0,1.0,True
tdbD00001176,0.948051948051948,1.0,0.9130434782608695,0.9545454545454545,False,1.0,1.0,1.0,1.0,True
tdbD00001318,0.7027027027027027,0.5714285714285714,0.6,0.5853658536585366,False,1.0,1.0,1.0,1.0,True
tdbD00001340,0.9743589743589743,0.9545454545454546,0.9545454545454546,0.9545454545454546,False,1.0,1.0,1.0,1.0,True
tdbD00001458,1.0,1.0,1.0,1.0,True,1.0,1.0,1.0,1.0,True
tdbD00001467,0.9178082191780822,0.8636363636363636,1.0,0.9268292682926829,False,1.0,1.0,1.0,1.0,True
tdbD00001473,0.9726027397260274,0.95,1.0,0.9743589743589743,False,1.0,1.0,1.0,1.0,True
tdbD00001474,0.7808219178082192,0.7619047619047619,0.7272727272727273,0.7441860465116279,False,1.0,1.0,1.0,1.0,True
tdbD00001484,0.6506024096385542,0.5416666666666666,0.4482758620689655,0.49056603773584906,False,1.0,1.0,1.0,1.0,True
tdbD00001496,0.6470588235294118,0.5,0.5,0.5,False,1.0,1.0,1.0,1.0,True
tdbD00001497,0.8452380952380952,0.75,0.75,0.75,False,1.0,1.0,1.0,1.0,True
tdbD00001507,0.9285714285714286,0.875,1.0,0.9333333333333333,False,0.9285714285714286,0.875,1.0,0.9333333333333333,False
tdbD00001519,1.0,1.0,1.0,1.0,True,1.0,1.0,1.0,1.0,True
tdbD00001750,0.927710843373494,0.88,0.88,0.88,False,0.9759036144578314,0.96,1.0,0.9795918367346939,False
tdbD00001751,0.7108433734939759,0.5454545454545454,0.5454545454545454,0.5454545454545454,False,0.9518072289156626,0.9090909090909091,1.0,0.9523809523809523,False
tdbD00001782,0.88,0.8181818181818182,0.8571428571428571,0.8372093023255814,False,1.0,1.0,1.0,1.0,True
tdbD00001783,1.0,1.0,1.0,1.0,True,1.0,1.0,1.0,1.0,True
tdbD00001788,1.0,1.0,1.0,1.0,True,1.0,1.0,1.0,1.0,True
tdbD00001790,1.0,1.0,1.0,1.0,True,1.0,1.0,1.0,1.0,True
tdbD00001791,1.0,1.0,1.0,1.0,True,1.0,1.0,1.0,1.0,True
tdbD00001797,1.0,1.0,1.0,1.0,True,1.0,1.0,1.0,1.0,True
tdbD00001798,1.0,1.0,1.0,1.0,True,1.0,1.0,1.0,1.0,True
tdbD00001804,0.974025974025974,0.9523809523809523,1.0,0.975609756097561,False,1.0,1.0,1.0,1.0,True
tdbD00001812,0.974025974025974,0.9545454545454546,1.0,0.9767441860465117,False,1.0,1.0,1.0,1.0,True
tdbD00001940,1.0,1.0,1.0,1.0,True,1.0,1.0,1.0,1.0,True
tdbD00002093,0.8133333333333334,0.7619047619047619,0.6666666666666666,0.7111111111111111,False,1.0,1.0,1.0,1.0,True
tdbD00002124,0.972972972972973,1.0,0.9545454545454546,0.9767441860465117,False,1.0,1.0,1.0,1.0,True
tdbD00002275,0.9444444444444444,0.9090909090909091,1.0,0.9523809523809523,False,1.0,1.0,1.0,1.0,True
tdbD00002276,0.9444444444444444,0.9090909090909091,1.0,0.9523809523809523,False,1.0,1.0,1.0,1.0,True
tdbD00002395,0.515625,0.0,0.0,0.0,False,0.8125,0.5882352941176471,0.7142857142857143,0.6451612903225806,False
tdbD00002418,1.0,1.0,1.0,1.0,True,1.0,1.0,1.0,1.0,True
tdbD00002436,0.9459459459459459,0.7619047619047619,0.7619047619047619,0.7619047619047619,False,1.0,1.0,1.0,1.0,True
tdbD00002438,0.8108108108108109,0.8,0.7619047619047619,0.7804878048780488,False,1.0,1.0,1.0,1.0,True
tdbD00002463,1.0,1.0,1.0,1.0,True,1.0,1.0,1.0,1.0,True
tdbD00002575,0.5277777777777778,0.3333333333333333,0.5833333333333334,0.4242424242424242,False,1.0,1.0,1.0,1.0,True
tdbD00002585,0.8356164383561644,0.8,0.7272727272727273,0.761904761904762,False,1.0,1.0,1.0,1.0,True
tdbD00002593,0.4794520547945205,0.0,0.0,0.0,False,1.0,1.0,1.0,1.0,True
tdbD00002594,1.0,1.0,1.0,1.0,True,1.0,1.0,1.0,1.0,True
tdbD00002609,0.8588235294117647,0.84,0.7777777777777778,0.8076923076923077,False,0.9058823529411765,0.84,1.0,0.9130434782608696,False
tdbD00002611,0.9523809523809523,1.0,0.9285714285714286,0.962962962962963,False,1.0,1.0,1.0,1.0,True
tdbD00002618,0.967032967032967,0.9615384615384616,0.9615384615384616,0.9615384615384616,False,1.0,1.0,1.0,1.0,True
tdbD00002637,0.651685393258427,0.35714285714285715,0.3225806451612903,0.3389830508474576,False,0.9775280898876404,0.9642857142857143,1.0,0.9818181818181818,False
tdbD00002642,1.0,1.0,1.0,1.0,True,0.9775280898876404,0.9615384615384616,1.0,0.9803921568627451,False
tdbD00002664,0.6222222222222222,0.42857142857142855,0.4444444444444444,0.43636363636363634,False,0.9555555555555556,0.9642857142857143,0.9642857142857143,0.9642857142857143,False
tdbD00002879,0.8414634146341463,0.6666666666666666,0.6956521739130435,0.6808510638297872,False,1.0,1.0,1.0,1.0,True
tdbD00002882,0.8780487804878049,0.8,1.0,0.888888888888889,False,1.0,1.0,1.0,1.0,True
tdbD00002885,0.8536585365853658,0.8,0.8695652173913043,0.8333333333333333,False,0.9024390243902439,0.84,1.0,0.9130434782608696,False
tdbD00002908,1.0,1.0,1.0,1.0,True,1.0,1.0,1.0,1.0,True
tdbD00002924,0.8933333333333333,1.0,0.84,0.9130434782608696,False,1.0,1.0,1.0,1.0,True
tdbD00002938,1.0,1.0,1.0,1.0,True,1.0,1.0,1.0,1.0,True
tdbD00002954,0.9452054794520548,1.0,0.9130434782608695,0.9545454545454545,False,1.0,1.0,1.0,1.0,True
tdbD00002962,1.0,1.0,1.0,1.0,True,1.0,1.0,1.0,1.0,True
tdbD00002971,0.9166666666666666,0.9545454545454546,0.9130434782608695,0.9333333333333332,False,1.0,1.0,1.0,1.0,True
tdbD00003076,1.0,1.0,1.0,1.0,True,1.0,1.0,1.0,1.0,True
tdbD00003077,0.8194444444444444,0.7,0.7777777777777778,0.7368421052631577,False,1.0,1.0,1.0,1.0,True
tdbD00003082,0.9166666666666666,0.9,0.9,0.9,False,1.0,1.0,1.0,1.0,True
tdbD00003084,0.8888888888888888,0.8947368421052632,0.8947368421052632,0.8947368421052632,False,1.0,1.0,1.0,1.0,True
tdbD00003086,0.9444444444444444,0.9047619047619048,1.0,0.9500000000000001,False,1.0,1.0,1.0,1.0,True
tdbD00003095,1.0,1.0,1.0,1.0,True,1.0,1.0,1.0,1.0,True
tdbD00003097,0.8904109589041096,0.85,0.8095238095238095,0.8292682926829269,False,1.0,1.0,1.0,1.0,True
tdbD00003099,0.8082191780821918,0.8823529411764706,0.6521739130434783,0.75,False,0.9452054794520548,0.8823529411764706,1.0,0.9375,False
tdbD00003103,0.9736842105263158,1.0,0.9545454545454546,0.9767441860465117,False,1.0,1.0,1.0,1.0,True
tdbD00003109,0.6944444444444444,0.5714285714285714,0.75,0.6486486486486486,False,1.0,1.0,1.0,1.0,True
tdbD00003239,0.625,0.5714285714285714,0.6666666666666666,0.6153846153846153,False,1.0,1.0,1.0,1.0,True
tdbD00003249,0.821917808219178,0.8,0.7619047619047619,0.7804878048780488,False,1.0,1.0,1.0,1.0,True
tdbD00003252,0.8082191780821918,0.6,0.631578947368421,0.6153846153846154,False,1.0,1.0,1.0,1.0,True
tdbD00003253,0.9178082191780822,0.85,0.85,0.85,False,1.0,1.0,1.0,1.0,True
tdbD00003258,0.8571428571428571,0.7222222222222222,1.0,0.8387096774193548,False,0.8,0.6111111111111112,0.8461538461538461,0.7096774193548387,False
tdbD00003276,0.7432432432432432,0.6,0.6666666666666666,0.631578947368421,False,1.0,1.0,1.0,1.0,True
tdbD00003496,1.0,1.0,1.0,1.0,True,1.0,1.0,1.0,1.0,True
tdbD00003511,1.0,1.0,1.0,1.0,True,1.0,1.0,1.0,1.0,True
tdbD00003512,1.0,1.0,1.0,1.0,True,1.0,1.0,1.0,1.0,True
tdbD00003650,0.7590361445783133,0.72,0.8181818181818182,0.7659574468085107,False,0.9036144578313253,0.84,1.0,0.9130434782608696,False
tdbD00003653,1.0,1.0,1.0,1.0,True,1.0,1.0,1.0,1.0,True
tdbD00003655,1.0,1.0,1.0,1.0,True,1.0,1.0,1.0,1.0,True
tdbD00003656,0.9726027397260274,0.9523809523809523,1.0,0.975609756097561,False,1.0,1.0,1.0,1.0,True
tdbD00003658,0.7671232876712328,0.5,0.625,0.5555555555555556,False,1.0,1.0,1.0,1.0,True
tdbD00003659,0.863013698630137,0.75,1.0,0.8571428571428571,False,1.0,1.0,1.0,1.0,True
tdbD00003662,1.0,1.0,1.0,1.0,True,1.0,1.0,1.0,1.0,True
tdbD00003699,0.9473684210526315,1.0,0.9130434782608695,0.9545454545454545,False,1.0,1.0,1.0,1.0,True
tdbD00003722,1.0,1.0,1.0,1.0,True,1.0,1.0,1.0,1.0,True
tdbD00003745,1.0,1.0,1.0,1.0,True,1.0,1.0,1.0,1.0,True
tdbD00003752,0.9473684210526315,1.0,0.9130434782608695,0.9545454545454545,False,1.0,1.0,1.0,1.0,True
tdbD00003754,0.9473684210526315,1.0,0.9130434782608695,0.9545454545454545,False,1.0,1.0,1.0,1.0,True
tdbD00003761,1.0,1.0,1.0,1.0,True,1.0,1.0,1.0,1.0,True
tdbD00003767,0.9473684210526315,1.0,0.9130434782608695,0.9545454545454545,False,1.0,1.0,1.0,1.0,True
tdbD00003781,0.9473684210526315,1.0,0.9130434782608695,0.9545454545454545,False,1.0,1.0,1.0,1.0,True
tdbD00003794,0.7236842105263158,0.5714285714285714,0.5714285714285714,0.5714285714285714,False,1.0,1.0,1.0,1.0,True
tdbD00003805,1.0,1.0,1.0,1.0,True,1.0,1.0,1.0,1.0,True
tdbD00003821,1.0,1.0,1.0,1.0,True,1.0,1.0,1.0,1.0,True
tdbD00003830,0.6944444444444444,0.6,0.5217391304347826,0.5581395348837209,False,1.0,1.0,1.0,1.0,True
tdbD00003855,0.8888888888888888,0.7619047619047619,0.7272727272727273,0.7441860465116279,False,1.0,1.0,1.0,1.0,True
tdbD00003862,0.8888888888888888,0.7619047619047619,0.7272727272727273,0.7441860465116279,False,1.0,1.0,1.0,1.0,True
tdbD00003881,1.0,1.0,1.0,1.0,True,1.0,1.0,1.0,1.0,True
tdbD00003890,0.704225352112676,0.5714285714285714,0.5,0.5333333333333333,False,1.0,1.0,1.0,1.0,True
tdbD00003901,0.8356164383561644,0.7619047619047619,0.6666666666666666,0.7111111111111111,False,1.0,1.0,1.0,1.0,True
tdbD00003904,0.9473684210526315,1.0,0.9130434782608695,0.9545454545454545,False,1.0,1.0,1.0,1.0,True
tdbD00003909,1.0,1.0,1.0,1.0,True,1.0,1.0,1.0,1.0,True
tdbD00003915,0.7837837837837838,0.8095238095238095,0.8095238095238095,0.8095238095238095,False,1.0,1.0,1.0,1.0,True
tdbD00003922,1.0,1.0,1.0,1.0,True,1.0,1.0,1.0,1.0,True
tdbD00003949,0.8918918918918919,0.7619047619047619,0.6666666666666666,0.7111111111111111,False,1.0,1.0,1.0,1.0,True
tdbD00003961,1.0,1.0,1.0,1.0,True,1.0,1.0,1.0,1.0,True
tdbD00003964,0.7368421052631579,0.8,0.6956521739130435,0.7441860465116279,False,1.0,1.0,1.0,1.0,True
tdbD00003971,0.948051948051948,1.0,0.9130434782608695,0.9545454545454545,False,1.0,1.0,1.0,1.0,True
tdbD00003983,1.0,1.0,1.0,1.0,True,1.0,1.0,1.0,1.0,True
tdbD00003994,0.9736842105263158,0.9523809523809523,0.9523809523809523,0.9523809523809523,False,1.0,1.0,1.0,1.0,True
tdbD00004013,0.9473684210526315,1.0,0.9130434782608695,0.9545454545454545,False,1.0,1.0,1.0,1.0,True
tdbD00004014,0.7236842105263158,0.75,0.625,0.6818181818181818,False,1.0,1.0,1.0,1.0,True
tdbD00004015,0.9473684210526315,1.0,0.9130434782608695,0.9545454545454545,False,1.0,1.0,1.0,1.0,True
tdbD00004035,0.868421052631579,0.8,0.8,0.8000000000000002,False,1.0,1.0,1.0,1.0,True
tdbD00004036,0.7105263157894737,0.7619047619047619,0.6956521739130435,0.7272727272727272,False,1.0,1.0,1.0,1.0,True
tdbD00004039,1.0,1.0,1.0,1.0,True,1.0,1.0,1.0,1.0,True
tdbD00004043,0.9459459459459459,1.0,0.9130434782608695,0.9545454545454545,False,0.9459459459459459,0.9047619047619048,1.0,0.9500000000000001,False
tdbD00004052,1.0,1.0,1.0,1.0,True,1.0,1.0,1.0,1.0,True
tdbD00004053,0.9473684210526315,1.0,0.9130434782608695,0.9545454545454545,False,1.0,1.0,1.0,1.0,True
tdbD00004058,1.0,1.0,1.0,1.0,True,1.0,1.0,1.0,1.0,True
tdbD00004060,1.0,1.0,1.0,1.0,True,1.0,1.0,1.0,1.0,True
tdbD00004070,0.8356164383561644,0.47368421052631576,0.47368421052631576,0.47368421052631576,False,0.8904109589041096,0.7894736842105263,1.0,0.8823529411764706,False
tdbD00004071,0.922077922077922,0.9545454545454546,0.9130434782608695,0.9333333333333332,False,1.0,1.0,1.0,1.0,True
tdbD00004077,0.9473684210526315,1.0,0.9130434782608695,0.9545454545454545,False,1.0,1.0,1.0,1.0,True
tdbD00004088,0.7123287671232876,0.5714285714285714,0.6,0.5853658536585366,False,1.0,1.0,1.0,1.0,True
tdbD00004092,0.8888888888888888,0.7619047619047619,0.7272727272727273,0.7441860465116279,False,1.0,1.0,1.0,1.0,True
tdbD00004103,1.0,1.0,1.0,1.0,True,1.0,1.0,1.0,1.0,True
tdbD00004105,0.8611111111111112,0.7619047619047619,0.8,0.7804878048780488,False,1.0,1.0,1.0,1.0,True
tdbD00004110,0.8888888888888888,0.7619047619047619,0.7272727272727273,0.7441860465116279,False,1.0,1.0,1.0,1.0,True
tdbD00004111,1.0,1.0,1.0,1.0,True,1.0,1.0,1.0,1.0,True
tdbD00004114,1.0,1.0,1.0,1.0,True,1.0,1.0,1.0,1.0,True
tdbD00004140,0.8611111111111112,0.7142857142857143,0.6818181818181818,0.6976744186046512,False,1.0,1.0,1.0,1.0,True
tdbD00004152,0.918918918918919,0.9473684210526315,0.9,0.9230769230769231,False,1.0,1.0,1.0,1.0,True
tdbD00004168,0.8108108108108109,0.6,0.5714285714285714,0.5853658536585366,False,1.0,1.0,1.0,1.0,True
tdbD00004180,0.7162162162162162,0.5714285714285714,0.5714285714285714,0.5714285714285714,False,1.0,1.0,1.0,1.0,True
tdbD00004188,1.0,1.0,1.0,1.0,True,1.0,1.0,1.0,1.0,True
tdbD00004231,0.7746478873239436,0.6666666666666666,0.8235294117647058,0.7368421052631577,False,1.0,1.0,1.0,1.0,True
tdbD00004257,0.7638888888888888,0.55,0.5238095238095238,0.5365853658536585,False,1.0,1.0,1.0,1.0,True
tdbD00004282,0.971830985915493,0.9444444444444444,1.0,0.9714285714285714,False,1.0,1.0,1.0,1.0,True
tdbD00004290,0.7162162162162162,0.5714285714285714,0.5714285714285714,0.5714285714285714,False,1.0,1.0,1.0,1.0,True
tdbD00004291,1.0,1.0,1.0,1.0,True,1.0,1.0,1.0,1.0,True
tdbD00004295,0.7297297297297297,0.6,0.6,0.6,False,1.0,1.0,1.0,1.0,True
tdbD00004322,1.0,1.0,1.0,1.0,True,0.9733333333333334,0.9523809523809523,1.0,0.975609756097561,False
tdbD00004327,0.68,0.5714285714285714,0.5454545454545454,0.5581395348837208,False,1.0,1.0,1.0,1.0,True
tdbD00004329,0.8378378378378378,0.85,0.7727272727272727,0.8095238095238095,False,0.972972972972973,1.0,0.9523809523809523,0.975609756097561,False
tdbD00004336,1.0,1.0,1.0,1.0,True,1.0,1.0,1.0,1.0,True
tdbD00004341,0.704225352112676,0.5714285714285714,0.5714285714285714,0.5714285714285714,False,1.0,1.0,1.0,1.0,True
tdbD00004349,0.7777777777777778,0.6666666666666666,0.8235294117647058,0.7368421052631577,False,1.0,1.0,1.0,1.0,True
tdbD00004356,0.8055555555555556,0.7142857142857143,0.7894736842105263,0.7500000000000001,False,1.0,1.0,1.0,1.0,True
tdbD00004361,0.625,0.45,0.5294117647058824,0.48648648648648646,False,1.0,1.0,1.0,1.0,True
tdbD00004364,0.75,0.6190476190476191,0.8125,0.7027027027027026,False,1.0,1.0,1.0,1.0,True
tdbD00004379,1.0,1.0,1.0,1.0,True,1.0,1.0,1.0,1.0,True
tdbD00004381,1.0,1.0,1.0,1.0,True,1.0,1.0,1.0,1.0,True
tdbD00004385,1.0,1.0,1.0,1.0,True,1.0,1.0,1.0,1.0,True
tdbD00004394,0.8947368421052632,0.8095238095238095,1.0,0.8947368421052632,False,1.0,1.0,1.0,1.0,True
tdbD00004397,0.8701298701298701,0.7619047619047619,1.0,0.8648648648648648,False,1.0,1.0,1.0,1.0,True
tdbD00004410,0.8961038961038961,0.8095238095238095,1.0,0.8947368421052632,False,1.0,1.0,1.0,1.0,True
tdbD00004436,1.0,1.0,1.0,1.0,True,1.0,1.0,1.0,1.0,True
tdbD00004458,0.8888888888888888,0.8095238095238095,1.0,0.8947368421052632,False,1.0,1.0,1.0,1.0,True
tdbD00004471,0.8873239436619719,0.8095238095238095,1.0,0.8947368421052632,False,1.0,1.0,1.0,1.0,True
tdbD00004479,1.0,1.0,1.0,1.0,True,1.0,1.0,1.0,1.0,True
tdbD00004483,1.0,1.0,1.0,1.0,True,1.0,1.0,1.0,1.0,True
tdbD00004504,1.0,1.0,1.0,1.0,True,1.0,1.0,1.0,1.0,True
tdbD00004509,0.8961038961038961,0.8095238095238095,1.0,0.8947368421052632,False,1.0,1.0,1.0,1.0,True
tdbD00004512,0.8666666666666667,0.8095238095238095,0.7727272727272727,0.7906976744186046,False,1.0,1.0,1.0,1.0,True
tdbD00004517,1.0,1.0,1.0,1.0,True,1.0,1.0,1.0,1.0,True
tdbD00004581,0.5833333333333334,0.3157894736842105,0.3333333333333333,0.3243243243243243,False,1.0,1.0,1.0,1.0,True
tdbD00004594,0.7777777777777778,0.8,0.8,0.8000000000000002,False,1.0,1.0,1.0,1.0,True
tdbD00004608,0.8157894736842105,0.7142857142857143,0.8333333333333334,0.7692307692307692,False,1.0,1.0,1.0,1.0,True
tdbD00004614,0.9726027397260274,0.9545454545454546,1.0,0.9767441860465117,False,1.0,1.0,1.0,1.0,True
tdbD00004629,0.9733333333333334,0.9523809523809523,1.0,0.975609756097561,False,1.0,1.0,1.0,1.0,True
tdbD00004630,1.0,1.0,1.0,1.0,True,1.0,1.0,1.0,1.0,True
tdbD00004637,0.8133333333333334,0.8095238095238095,0.7727272727272727,0.7906976744186046,False,1.0,1.0,1.0,1.0,True
tdbD00004652,0.9733333333333334,0.9523809523809523,1.0,0.975609756097561,False,1.0,1.0,1.0,1.0,True
tdbD00004669,0.6753246753246753,0.5909090909090909,0.6842105263157895,0.6341463414634148,False,1.0,1.0,1.0,1.0,True
tdbD00004673,0.5866666666666667,0.5714285714285714,0.5,0.5333333333333333,False,1.0,1.0,1.0,1.0,True
tdbD00004674,0.5733333333333334,0.5238095238095238,0.4782608695652174,0.5,False,1.0,1.0,1.0,1.0,True
tdbD00004679,0.7012987012987013,0.5909090909090909,0.6190476190476191,0.6046511627906977,False,1.0,1.0,1.0,1.0,True
tdbD00004683,0.7948717948717948,0.8181818181818182,0.782608695652174,0.8,False,1.0,1.0,1.0,1.0,True
tdbD00004687,0.7066666666666667,0.5714285714285714,0.6,0.5853658536585366,False,1.0,1.0,1.0,1.0,True
tdbD00004693,0.6056338028169014,0.2631578947368421,0.3333333333333333,0.29411764705882354,False,1.0,1.0,1.0,1.0,True
tdbD00004709,0.971830985915493,0.9523809523809523,1.0,0.975609756097561,False,1.0,1.0,1.0,1.0,True
tdbD00004711,0.971830985915493,0.9523809523809523,1.0,0.975609756097561,False,1.0,1.0,1.0,1.0,True
tdbD00004728,0.974025974025974,0.9523809523809523,1.0,0.975609756097561,False,1.0,1.0,1.0,1.0,True
tdbD00004734,0.9733333333333334,0.9523809523809523,1.0,0.975609756097561,False,1.0,1.0,1.0,1.0,True
tdbD00004761,0.9733333333333334,0.9523809523809523,1.0,0.975609756097561,False,1.0,1.0,1.0,1.0,True
tdbD00004763,1.0,1.0,1.0,1.0,True,1.0,1.0,1.0,1.0,True
tdbD00004767,0.9736842105263158,0.9545454545454546,1.0,0.9767441860465117,False,1.0,1.0,1.0,1.0,True
tdbD00004771,1.0,1.0,1.0,1.0,True,1.0,1.0,1.0,1.0,True
tdbD00004781,1.0,1.0,1.0,1.0,True,1.0,1.0,1.0,1.0,True
tdbD00004789,0.7605633802816901,0.4444444444444444,0.4444444444444444,0.4444444444444444,False,0.8873239436619719,0.7777777777777778,1.0,0.8750000000000001,False
tdbD00004794,0.8648648648648649,0.8181818181818182,0.8181818181818182,0.8181818181818182,False,1.0,1.0,1.0,1.0,True
tdbD00004802,0.9736842105263158,0.9545454545454546,1.0,0.9767441860465117,False,1.0,1.0,1.0,1.0,True
tdbD00004809,0.9736842105263158,0.9523809523809523,1.0,0.975609756097561,False,1.0,1.0,1.0,1.0,True
tdbD00004811,0.9444444444444444,0.9523809523809523,0.9523809523809523,0.9523809523809523,False,1.0,1.0,1.0,1.0,True
tdbD00004857,1.0,1.0,1.0,1.0,True,1.0,1.0,1.0,1.0,True
tdbD00004872,1.0,1.0,1.0,1.0,True,1.0,1.0,1.0,1.0,True
tdbD00004891,0.8611111111111112,0.7619047619047619,1.0,0.8648648648648648,False,1.0,1.0,1.0,1.0,True
tdbD00004903,0.5555555555555556,0.29411764705882354,0.38461538461538464,0.33333333333333337,False,0.7777777777777778,0.47058823529411764,0.6666666666666666,0.5517241379310345,False
tdbD00004944,1.0,1.0,1.0,1.0,True,0.9736842105263158,0.9523809523809523,1.0,0.975609756097561,False
tdbD00004954,0.7631578947368421,0.5238095238095238,0.4583333333333333,0.4888888888888889,False,1.0,1.0,1.0,1.0,True
tdbD00004958,1.0,1.0,1.0,1.0,True,1.0,1.0,1.0,1.0,True
tdbD00004963,0.9473684210526315,0.9,1.0,0.9473684210526316,False,1.0,1.0,1.0,1.0,True
tdbD00004980,1.0,1.0,1.0,1.0,True,1.0,1.0,1.0,1.0,True
tdbD00004988,1.0,1.0,1.0,1.0,True,1.0,1.0,1.0,1.0,True
tdbD00005007,1.0,1.0,1.0,1.0,True,1.0,1.0,1.0,1.0,True
tdbD00005018,1.0,1.0,1.0,1.0,True,1.0,1.0,1.0,1.0,True
tdbD00005031,0.6363636363636364,0.5909090909090909,0.5909090909090909,0.5909090909090909,False,1.0,1.0,1.0,1.0,True
tdbD00005065,0.7945205479452054,0.55,0.5789473684210527,0.5641025641025641,False,1.0,1.0,1.0,1.0,True
tdbD00005086,0.9178082191780822,0.85,1.0,0.9189189189189189,False,0.9178082191780822,0.85,1.0,0.9189189189189189,False
tdbD00005102,0.972972972972973,0.9473684210526315,1.0,0.972972972972973,False,0.8648648648648649,0.7368421052631579,1.0,0.8484848484848484,False
tdbD00005104,0.8082191780821918,0.8,0.8,0.8000000000000002,False,1.0,1.0,1.0,1.0,True
tdbD00005107,1.0,1.0,1.0,1.0,True,1.0,1.0,1.0,1.0,True
tdbD00005113,1.0,1.0,1.0,1.0,True,1.0,1.0,1.0,1.0,True
tdbD00005128,0.7671232876712328,0.7619047619047619,0.7619047619047619,0.7619047619047619,False,1.0,1.0,1.0,1.0,True
tdbD00005132,0.7671232876712328,0.7619047619047619,0.7619047619047619,0.7619047619047619,False,1.0,1.0,1.0,1.0,True
tdbD00005133,0.7671232876712328,0.7619047619047619,0.7619047619047619,0.7619047619047619,False,1.0,1.0,1.0,1.0,True
tdbD00005138,0.9444444444444444,1.0,0.9130434782608695,0.9545454545454545,False,1.0,1.0,1.0,1.0,True
tdbD00005161,0.9733333333333334,1.0,0.9545454545454546,0.9767441860465117,False,1.0,1.0,1.0,1.0,True
tdbD00005168,0.971830985915493,1.0,0.9545454545454546,0.9767441860465117,False,1.0,1.0,1.0,1.0,True
tdbD00005180,0.8421052631578947,0.85,0.7391304347826086,0.7906976744186046,False,1.0,1.0,1.0,1.0,True
tdbD00005194,0.7027027027027027,0.5,0.625,0.5555555555555556,False,1.0,1.0,1.0,1.0,True
tdbD00005199,0.9473684210526315,1.0,0.9130434782608695,0.9545454545454545,False,1.0,1.0,1.0,1.0,True
tdbD00005207,0.9444444444444444,1.0,0.9130434782608695,0.9545454545454545,False,1.0,1.0,1.0,1.0,True
tdbD00005224,0.971830985915493,1.0,0.9545454545454546,0.9767441860465117,False,1.0,1.0,1.0,1.0,True
tdbD00005226,0.7361111111111112,0.7142857142857143,0.6818181818181818,0.6976744186046512,False,1.0,1.0,1.0,1.0,True
tdbD00005269,1.0,1.0,1.0,1.0,True,1.0,1.0,1.0,1.0,True
tdbD00005278,0.9154929577464789,0.8571428571428571,0.8571428571428571,0.8571428571428571,False,1.0,1.0,1.0,1.0,True
tdbD00005279,0.8028169014084507,0.7142857142857143,0.8333333333333334,0.7692307692307692,False,1.0,1.0,1.0,1.0,True
tdbD00005282,1.0,1.0,1.0,1.0,True,1.0,1.0,1.0,1.0,True
tdbD00005287,0.8607594936708861,0.5454545454545454,0.5714285714285714,0.5581395348837208,False,1.0,1.0,1.0,1.0,True
tdbD00005303,0.821917808219178,0.7727272727272727,0.8095238095238095,0.7906976744186046,False,1.0,1.0,1.0,1.0,True
tdbD00005308,0.6857142857142857,0.5238095238095238,0.5789473684210527,0.5500000000000002,False,1.0,1.0,1.0,1.0,True
tdbD00005317,0.5070422535211268,0.5454545454545454,0.5714285714285714,0.5581395348837208,False,1.0,1.0,1.0,1.0,True
tdbD00005319,0.5070422535211268,0.5454545454545454,0.5714285714285714,0.5581395348837208,False,1.0,1.0,1.0,1.0,True
tdbD00005333,0.6428571428571429,0.5238095238095238,0.4583333333333333,0.4888888888888889,False,1.0,1.0,1.0,1.0,True
tdbD00005341,0.8028169014084507,0.8181818181818182,0.8571428571428571,0.8372093023255814,False,1.0,1.0,1.0,1.0,True
tdbD00005346,0.7746478873239436,0.7272727272727273,0.8888888888888888,0.7999999999999999,False,1.0,1.0,1.0,1.0,True
tdbD00005347,0.8309859154929577,0.8181818181818182,0.9,0.8571428571428572,False,1.0,1.0,1.0,1.0,True
tdbD00005366,1.0,1.0,1.0,1.0,True,1.0,1.0,1.0,1.0,True
tdbD00005378,0.9733333333333334,1.0,0.9545454545454546,0.9767441860465117,False,1.0,1.0,1.0,1.0,True
tdbD00005391,1.0,1.0,1.0,1.0,True,1.0,1.0,1.0,1.0,True
tdbD00005395,1.0,1.0,1.0,1.0,True,1.0,1.0,1.0,1.0,True
tdbD00005407,0.9452054794520548,1.0,0.9130434782608695,0.9545454545454545,False,1.0,1.0,1.0,1.0,True
tdbD00005432,0.9166666666666666,0.9523809523809523,0.9090909090909091,0.9302325581395349,False,1.0,1.0,1.0,1.0,True
tdbD00005435,0.971830985915493,1.0,0.9545454545454546,0.9767441860465117,False,1.0,1.0,1.0,1.0,True
tdbD00005440,0.72,0.7142857142857143,0.6,0.6521739130434783,False,1.0,1.0,1.0,1.0,True
tdbD00005446,0.7746478873239436,0.7142857142857143,0.75,0.7317073170731706,False,1.0,1.0,1.0,1.0,True
tdbD00005449,0.8309859154929577,0.8095238095238095,0.8947368421052632,0.8500000000000001,False,1.0,1.0,1.0,1.0,True
tdbD00005466,0.9436619718309859,1.0,0.9130434782608695,0.9545454545454545,False,1.0,1.0,1.0,1.0,True
tdbD00005471,0.971830985915493,1.0,0.9545454545454546,0.9767441860465117,False,1.0,1.0,1.0,1.0,True
tdbD00005481,0.9459459459459459,1.0,0.9130434782608695,0.9545454545454545,False,1.0,1.0,1.0,1.0,True
tdbD00005484,0.8108108108108109,0.7619047619047619,0.8888888888888888,0.8205128205128205,False,1.0,1.0,1.0,1.0,True
tdbD00005509,0.9466666666666667,1.0,0.9130434782608695,0.9545454545454545,False,1.0,1.0,1.0,1.0,True
tdbD00005510,0.9473684210526315,1.0,0.9130434782608695,0.9545454545454545,False,1.0,1.0,1.0,1.0,True
tdbD00005521,0.9444444444444444,1.0,0.9130434782608695,0.9545454545454545,False,1.0,1.0,1.0,1.0,True
tdbD00005528,0.9459459459459459,1.0,0.9130434782608695,0.9545454545454545,False,1.0,1.0,1.0,1.0,True
tdbD00005540,0.9466666666666667,1.0,0.9130434782608695,0.9545454545454545,False,1.0,1.0,1.0,1.0,True
tdbD00005543,0.9733333333333334,0.9523809523809523,1.0,0.975609756097561,False,1.0,1.0,1.0,1.0,True
tdbD00005559,0.9473684210526315,1.0,0.9130434782608695,0.9545454545454545,False,1.0,1.0,1.0,1.0,True
tdbD00005560,0.72,0.6,0.75,0.6666666666666665,False,1.0,1.0,1.0,1.0,True
tdbD00005566,0.9166666666666666,0.8571428571428571,1.0,0.923076923076923,False,1.0,1.0,1.0,1.0,True
tdbD00005571,1.0,1.0,1.0,1.0,True,1.0,1.0,1.0,1.0,True
tdbD00005574,0.8181818181818182,0.7619047619047619,0.7272727272727273,0.7441860465116279,False,1.0,1.0,1.0,1.0,True
tdbD00005580,1.0,1.0,1.0,1.0,True,1.0,1.0,1.0,1.0,True
tdbD00005593,0.8378378378378378,0.7777777777777778,0.6666666666666666,0.717948717948718,False,0.8918918918918919,0.7777777777777778,1.0,0.8750000000000001,False
tdbD00005600,0.9444444444444444,0.9047619047619048,1.0,0.9500000000000001,False,1.0,1.0,1.0,1.0,True
tdbD00005614,0.8888888888888888,0.8095238095238095,1.0,0.8947368421052632,False,1.0,1.0,1.0,1.0,True
tdbD00005625,0.5070422535211268,0.5454545454545454,0.5714285714285714,0.5581395348837208,False,1.0,1.0,1.0,1.0,True
tdbD00005627,0.8888888888888888,0.8095238095238095,1.0,0.8947368421052632,False,1.0,1.0,1.0,1.0,True
tdbD00005628,0.8888888888888888,0.8095238095238095,1.0,0.8947368421052632,False,1.0,1.0,1.0,1.0,True
tdbD00005634,0.6338028169014085,0.5454545454545454,0.5714285714285714,0.5581395348837208,False,1.0,1.0,1.0,1.0,True
tdbD00005649,1.0,1.0,1.0,1.0,True,1.0,1.0,1.0,1.0,True
tdbD00005677,1.0,1.0,1.0,1.0,True,0.974025974025974,0.9545454545454546,1.0,0.9767441860465117,False
tdbD00005684,1.0,1.0,1.0,1.0,True,1.0,1.0,1.0,1.0,True
tdbD00005685,1.0,1.0,1.0,1.0,True,1.0,1.0,1.0,1.0,True
tdbD00005697,1.0,1.0,1.0,1.0,True,1.0,1.0,1.0,1.0,True
tdbD00005713,0.863013698630137,0.7727272727272727,0.7391304347826086,0.7555555555555555,False,0.9726027397260274,0.9545454545454546,1.0,0.9767441860465117,False
tdbD00005757,0.918918918918919,0.8571428571428571,0.8571428571428571,0.8571428571428571,False,1.0,1.0,1.0,1.0,True
tdbD00005762,0.918918918918919,0.8571428571428571,0.8571428571428571,0.8571428571428571,False,1.0,1.0,1.0,1.0,True
tdbD00005775,1.0,1.0,1.0,1.0,True,1.0,1.0,1.0,1.0,True
tdbD00005776,1.0,1.0,1.0,1.0,True,1.0,1.0,1.0,1.0,True
tdbD00005799,1.0,1.0,1.0,1.0,True,1.0,1.0,1.0,1.0,True
tdbD00005803,0.6666666666666666,0.5454545454545454,0.48,0.5106382978723404,False,1.0,1.0,1.0,1.0,True
tdbD00005816,1.0,1.0,1.0,1.0,True,1.0,1.0,1.0,1.0,True
tdbD00005830,0.7083333333333334,0.6,0.7058823529411765,0.6486486486486486,False,1.0,1.0,1.0,1.0,True
tdbD00005835,0.8888888888888888,0.8095238095238095,1.0,0.8947368421052632,False,1.0,1.0,1.0,1.0,True
tdbD00005836,0.75,0.5714285714285714,0.6666666666666666,0.6153846153846153,False,1.0,1.0,1.0,1.0,True
tdbD00005857,1.0,1.0,1.0,1.0,True,1.0,1.0,1.0,1.0,True
tdbD00005866,1.0,1.0,1.0,1.0,True,1.0,1.0,1.0,1.0,True
tdbD00005886,0.948051948051948,1.0,0.9130434782608695,0.9545454545454545,False,1.0,1.0,1.0,1.0,True
tdbD00005909,0.8904109589041096,0.8095238095238095,0.85,0.8292682926829269,False,1.0,1.0,1.0,1.0,True
tdbD00005912,0.7808219178082192,0.5714285714285714,0.75,0.6486486486486486,False,1.0,1.0,1.0,1.0,True
tdbD00005923,0.9452054794520548,0.9047619047619048,1.0,0.9500000000000001,False,1.0,1.0,1.0,1.0,True
tdbD00005929,0.6986301369863014,0.6666666666666666,0.7368421052631579,0.7,False,1.0,1.0,1.0,1.0,True
tdbD00005932,0.821917808219178,0.7619047619047619,0.8421052631578947,0.8,False,1.0,1.0,1.0,1.0,True
tdbD00005934,1.0,1.0,1.0,1.0,True,1.0,1.0,1.0,1.0,True
tdbD00005936,0.9452054794520548,0.95,0.95,0.9500000000000001,False,1.0,1.0,1.0,1.0,True
tdbD00005941,0.726027397260274,0.6,0.75,0.6666666666666665,False,1.0,1.0,1.0,1.0,True
tdbD00005959,0.7432432432432432,0.6,0.8,0.6857142857142857,False,0.972972972972973,0.95,1.0,0.9743589743589743,False
tdbD00005970,1.0,1.0,1.0,1.0,True,1.0,1.0,1.0,1.0,True
tdbD00005974,0.948051948051948,1.0,0.9130434782608695,0.9545454545454545,False,1.0,1.0,1.0,1.0,True
tdbD00005980,1.0,1.0,1.0,1.0,True,1.0,1.0,1.0,1.0,True
tdbD00005984,1.0,1.0,1.0,1.0,True,1.0,1.0,1.0,1.0,True
tdbD00005992,1.0,1.0,1.0,1.0,True,1.0,1.0,1.0,1.0,True
tdbD00006000,0.8181818181818182,0.7,0.7,0.7,False,1.0,1.0,1.0,1.0,True
tdbD00006019,1.0,1.0,1.0,1.0,True,1.0,1.0,1.0,1.0,True
tdbD00006020,1.0,1.0,1.0,1.0,True,1.0,1.0,1.0,1.0,True
tdbD00006022,0.88,0.9,0.8571428571428571,0.8780487804878048,False,0.8666666666666667,0.75,0.9375,0.8333333333333334,False
tdbD00006023,0.88,0.9,0.8571428571428571,0.8780487804878048,False,0.8666666666666667,0.75,0.9375,0.8333333333333334,False
tdbD00006026,1.0,1.0,1.0,1.0,True,1.0,1.0,1.0,1.0,True
tdbD00006034,0.948051948051948,1.0,0.9130434782608695,0.9545454545454545,False,1.0,1.0,1.0,1.0,True
tdbD00006038,0.948051948051948,1.0,0.9130434782608695,0.9545454545454545,False,1.0,1.0,1.0,1.0,True
tdbD00006039,1.0,1.0,1.0,1.0,True,1.0,1.0,1.0,1.0,True
tdbD00006052,0.9459459459459459,0.9047619047619048,1.0,0.9500000000000001,False,1.0,1.0,1.0,1.0,True
tdbD00006055,0.4594594594594595,0.2222222222222222,0.25,0.23529411764705882,False,0.972972972972973,0.9444444444444444,0.9444444444444444,0.9444444444444444,False
tdbD00006056,0.918918918918919,0.85,1.0,0.9189189189189189,False,1.0,1.0,1.0,1.0,True
tdbD00006066,1.0,1.0,1.0,1.0,True,1.0,1.0,1.0,1.0,True
tdbD00006067,1.0,1.0,1.0,1.0,True,1.0,1.0,1.0,1.0,True
tdbD00006111,0.9736842105263158,0.9523809523809523,1.0,0.975609756097561,False,1.0,1.0,1.0,1.0,True
tdbD00006198,0.9166666666666666,0.8636363636363636,0.8636363636363636,0.8636363636363636,False,1.0,1.0,1.0,1.0,True
tdbD00006216,0.8082191780821918,0.6190476190476191,0.6842105263157895,0.6500000000000001,False,1.0,1.0,1.0,1.0,True
tdbD00006241,0.7808219178082192,0.7619047619047619,0.7619047619047619,0.7619047619047619,False,1.0,1.0,1.0,1.0,True
tdbD00006245,1.0,1.0,1.0,1.0,True,1.0,1.0,1.0,1.0,True
tdbD00006246,1.0,1.0,1.0,1.0,True,1.0,1.0,1.0,1.0,True
tdbD00006263,1.0,1.0,1.0,1.0,True,1.0,1.0,1.0,1.0,True
tdbD00006265,0.9342105263157895,0.9523809523809523,0.9090909090909091,0.9302325581395349,False,1.0,1.0,1.0,1.0,True
tdbD00006281,1.0,1.0,1.0,1.0,True,1.0,1.0,1.0,1.0,True
tdbD00006286,0.9058823529411765,0.9166666666666666,0.9166666666666666,0.9166666666666666,False,0.9058823529411765,0.8333333333333334,1.0,0.9090909090909091,False
tdbD00006288,1.0,1.0,1.0,1.0,True,1.0,1.0,1.0,1.0,True
tdbD00006296,0.7894736842105263,0.8,0.7272727272727273,0.761904761904762,False,1.0,1.0,1.0,1.0,True
tdbD00006299,0.8767123287671232,0.8571428571428571,0.9,0.8780487804878048,False,1.0,1.0,1.0,1.0,True
tdbD00006310,0.8157894736842105,0.7272727272727273,0.8421052631578947,0.7804878048780488,False,1.0,1.0,1.0,1.0,True
tdbD00006311,0.9726027397260274,0.9545454545454546,1.0,0.9767441860465117,False,1.0,1.0,1.0,1.0,True
tdbD00006317,1.0,1.0,1.0,1.0,True,1.0,1.0,1.0,1.0,True
tdbD00006320,0.9736842105263158,0.9545454545454546,1.0,0.9767441860465117,False,1.0,1.0,1.0,1.0,True
tdbD00006337,1.0,1.0,1.0,1.0,True,1.0,1.0,1.0,1.0,True
tdbD00006349,0.7808219178082192,0.7619047619047619,0.7619047619047619,0.7619047619047619,False,1.0,1.0,1.0,1.0,True
tdbD00006353,0.7894736842105263,0.7619047619047619,0.6956521739130435,0.7272727272727272,False,1.0,1.0,1.0,1.0,True
tdbD00006356,0.7894736842105263,0.6190476190476191,0.7222222222222222,0.6666666666666666,False,1.0,1.0,1.0,1.0,True
tdbD00006364,1.0,1.0,1.0,1.0,True,1.0,1.0,1.0,1.0,True
tdbD00006384,0.8421052631578947,0.8,0.7272727272727273,0.761904761904762,False,1.0,1.0,1.0,1.0,True
tdbD00006392,1.0,1.0,1.0,1.0,True,1.0,1.0,1.0,1.0,True
tdbD00006408,0.3287671232876712,0.0,0.0,0.0,False,0.9726027397260274,0.9473684210526315,1.0,0.972972972972973,False
tdbD00006409,0.4520547945205479,0.0,0.0,0.0,False,1.0,1.0,1.0,1.0,True
tdbD00006410,0.6712328767123288,0.42105263157894735,0.47058823529411764,0.4444444444444444,False,0.8904109589041096,0.7894736842105263,1.0,0.8823529411764706,False
tdbD00006412,0.8904109589041096,0.8,1.0,0.888888888888889,False,0.9726027397260274,0.95,1.0,0.9743589743589743,False
tdbD00006423,0.8904109589041096,0.8095238095238095,1.0,0.8947368421052632,False,0.9726027397260274,0.9523809523809523,1.0,0.975609756097561,False
tdbD00006424,1.0,1.0,1.0,1.0,True,1.0,1.0,1.0,1.0,True
tdbD00006435,0.9759036144578314,1.0,0.96,0.9795918367346939,False,1.0,1.0,1.0,1.0,True
tdbD00006442,0.9024390243902439,0.84,1.0,0.9130434782608696,False,1.0,1.0,1.0,1.0,True
tdbD00006473,0.9534883720930233,0.9166666666666666,1.0,0.9565217391304348,False,0.9767441860465116,0.9583333333333334,1.0,0.9787234042553191,False
tdbD00006480,1.0,1.0,1.0,1.0,True,1.0,1.0,1.0,1.0,True
tdbD00006490,0.8372093023255814,0.8,0.8695652173913043,0.8333333333333333,False,1.0,1.0,1.0,1.0,True
tdbD00006516,0.8705882352941177,0.7391304347826086,0.7391304347826086,0.7391304347826085,False,1.0,1.0,1.0,1.0,True
tdbD00006521,0.9302325581395349,1.0,0.8846153846153846,0.9387755102040816,False,0.9302325581395349,0.8695652173913043,1.0,0.9302325581395349,False
tdbD00006542,0.8255813953488372,0.72,0.782608695652174,0.7499999999999999,False,1.0,1.0,1.0,1.0,True
tdbD00006561,0.9767441860465116,1.0,0.96,0.9795918367346939,False,0.9767441860465116,0.6666666666666666,0.6956521739130435,0.6808510638297872,False
tdbD00006581,0.8390804597701149,0.72,0.75,0.7346938775510204,False,1.0,1.0,1.0,1.0,True
tdbD00006583,1.0,1.0,1.0,1.0,True,1.0,1.0,1.0,1.0,True
tdbD00006608,0.813953488372093,0.72,0.75,0.7346938775510204,False,1.0,1.0,1.0,1.0,True
tdbD00006617,0.9540229885057471,0.9130434782608695,1.0,0.9545454545454545,False,0.9770114942528736,0.9565217391304348,1.0,0.9777777777777777,False
tdbD00006621,0.9764705882352941,0.8695652173913043,0.8695652173913043,0.8695652173913043,False,1.0,1.0,1.0,1.0,True
tdbD00006628,0.9764705882352941,0.875,0.875,0.875,False,1.0,1.0,1.0,1.0,True
tdbD00006630,0.8470588235294118,0.75,0.782608695652174,0.7659574468085107,False,1.0,1.0,1.0,1.0,True
tdbD00006672,0.8192771084337349,0.6818181818181818,0.625,0.6521739130434783,False,0.9518072289156626,0.9090909090909091,1.0,0.9523809523809523,False
tdbD00006690,0.7469879518072289,0.6666666666666666,0.5517241379310345,0.6037735849056604,False,1.0,1.0,1.0,1.0,True
tdbD00006693,0.8160919540229885,0.5416666666666666,0.48148148148148145,0.5098039215686274,False,1.0,1.0,1.0,1.0,True
tdbD00006703,0.8522727272727273,0.75,0.75,0.75,False,1.0,1.0,1.0,1.0,True
tdbD00006714,0.8863636363636364,0.75,0.72,0.7346938775510204,False,0.9545454545454546,0.9166666666666666,1.0,0.9565217391304348,False
tdbD00006717,0.875,0.75,0.72,0.7346938775510204,False,1.0,1.0,1.0,1.0,True
tdbD00006753,0.5853658536585366,0.2857142857142857,0.25,0.26666666666666666,False,0.8292682926829268,0.6666666666666666,1.0,0.8,False
tdbD00006756,1.0,1.0,1.0,1.0,True,1.0,1.0,1.0,1.0,True
tdbD00006799,0.7804878048780488,0.75,0.72,0.7346938775510204,False,1.0,1.0,1.0,1.0,True
tdbD00006841,0.9310344827586207,0.875,1.0,0.9333333333333333,False,0.9770114942528736,0.875,0.9130434782608695,0.8936170212765957,False
tdbD00006861,0.813953488372093,0.72,0.75,0.7346938775510204,False,1.0,1.0,1.0,1.0,True
tdbD00006893,0.7777777777777778,0.75,0.72,0.7346938775510204,False,0.9259259259259259,0.875,1.0,0.9333333333333333,False
tdbD00006901,0.7,0.68,0.6538461538461539,0.6666666666666666,False,1.0,1.0,1.0,1.0,True
tdbD00006909,0.9518072289156626,0.9090909090909091,0.8695652173913043,0.888888888888889,False,0.9759036144578314,0.9090909090909091,0.9523809523809523,0.9302325581395349,False
tdbD00006932,0.9770114942528736,0.96,1.0,0.9795918367346939,False,1.0,1.0,1.0,1.0,True
tdbD00006954,0.8333333333333334,0.72,0.75,0.7346938775510204,False,1.0,1.0,1.0,1.0,True
tdbD00006965,0.9550561797752809,0.8333333333333334,0.8333333333333334,0.8333333333333334,False,0.9550561797752809,0.9166666666666666,1.0,0.9565217391304348,False
tdbD00006980,0.9775280898876404,1.0,0.9615384615384616,0.9803921568627451,False,1.0,1.0,1.0,1.0,True
tdbD00006985,1.0,1.0,1.0,1.0,True,1.0,1.0,1.0,1.0,True
tdbD00007002,1.0,1.0,1.0,1.0,True,1.0,1.0,1.0,1.0,True
tdbD00007005,0.9302325581395349,0.84,0.84,0.8399999999999999,False,0.9302325581395349,0.84,0.84,0.8399999999999999,False
tdbD00007027,0.9294117647058824,1.0,0.8846153846153846,0.9387755102040816,False,1.0,1.0,1.0,1.0,True
tdbD00007041,0.9523809523809523,1.0,0.9230769230769231,0.9600000000000001,False,0.9761904761904762,1.0,0.96,0.9795918367346939,False
tdbD00007072,0.9069767441860465,0.8695652173913043,0.9523809523809523,0.909090909090909,False,0.9767441860465116,1.0,0.9583333333333334,0.9787234042553191,False
tdbD00007074,0.8470588235294118,0.75,0.8571428571428571,0.7999999999999999,False,1.0,1.0,1.0,1.0,True
tdbD00007076,1.0,1.0,1.0,1.0,True,0.9512195121951219,0.9090909090909091,1.0,0.9523809523809523,False
tdbD00007108,0.9294117647058824,0.875,1.0,0.9333333333333333,False,1.0,1.0,1.0,1.0,True
tdbD00007125,0.9770114942528736,1.0,0.9615384615384616,0.9803921568627451,False,1.0,1.0,1.0,1.0,True
tdbD00007143,0.9761904761904762,0.96,1.0,0.9795918367346939,False,0.9761904761904762,0.96,1.0,0.9795918367346939,False
tdbD00007172,0.7654320987654321,0.5652173913043478,0.6190476190476191,0.5909090909090909,False,1.0,1.0,1.0,1.0,True
tdbD00007175,0.9012345679012346,0.782608695652174,0.72,0.7499999999999999,False,1.0,1.0,1.0,1.0,True
tdbD00007219,0.75,0.6086956521739131,0.6086956521739131,0.6086956521739131,False,1.0,1.0,1.0,1.0,True
tdbD00007276,0.8571428571428571,0.88,0.7586206896551724,0.8148148148148148,False,1.0,1.0,1.0,1.0,True
tdbD00007293,0.958904109589041,0.9523809523809523,0.9523809523809523,0.9523809523809523,False,1.0,1.0,1.0,1.0,True
tdbD00007337,0.974025974025974,0.9523809523809523,1.0,0.975609756097561,False,1.0,1.0,1.0,1.0,True
tdbD00007338,0.8961038961038961,0.75,0.7894736842105263,0.7692307692307692,False,1.0,1.0,1.0,1.0,True
tdbD00007344,0.8181818181818182,0.7619047619047619,0.7272727272727273,0.7441860465116279,False,1.0,1.0,1.0,1.0,True
tdbD00007363,0.9452054794520548,1.0,0.9130434782608695,0.9545454545454545,False,0.9726027397260274,0.9523809523809523,1.0,0.975609756097561,False
tdbD00007365,1.0,1.0,1.0,1.0,True,1.0,1.0,1.0,1.0,True
tdbD00007376,0.6486486486486487,0.45,0.4090909090909091,0.4285714285714286,False,0.918918918918919,0.85,1.0,0.9189189189189189,False
tdbD00007410,0.974025974025974,0.9523809523809523,1.0,0.975609756097561,False,1.0,1.0,1.0,1.0,True
tdbD00007422,0.6447368421052632,0.5714285714285714,0.4444444444444444,0.5,False,1.0,1.0,1.0,1.0,True
tdbD00007424,0.9466666666666667,0.85,0.7727272727272727,0.8095238095238095,False,1.0,1.0,1.0,1.0,True
tdbD00007430,0.8974358974358975,0.85,0.7391304347826086,0.7906976744186046,False,1.0,1.0,1.0,1.0,True
tdbD00007449,0.76,0.6,0.5454545454545454,0.5714285714285713,False,1.0,1.0,1.0,1.0,True
tdbD00007451,0.9452054794520548,0.9047619047619048,1.0,0.9500000000000001,False,1.0,1.0,1.0,1.0,True
tdbD00007452,0.8873239436619719,0.7142857142857143,0.7142857142857143,0.7142857142857143,False,1.0,1.0,1.0,1.0,True
tdbD00007463,0.6301369863013698,0.5714285714285714,0.5217391304347826,0.5454545454545454,False,1.0,1.0,1.0,1.0,True
tdbD00007468,0.7808219178082192,0.75,0.6818181818181818,0.7142857142857143,False,1.0,1.0,1.0,1.0,True
tdbD00007471,1.0,1.0,1.0,1.0,True,1.0,1.0,1.0,1.0,True
tdbD00007491,1.0,1.0,1.0,1.0,True,1.0,1.0,1.0,1.0,True
tdbD00007513,1.0,1.0,1.0,1.0,True,1.0,1.0,1.0,1.0,True
tdbD00007515,0.6621621621621622,0.5454545454545454,0.5217391304347826,0.5333333333333332,False,1.0,1.0,1.0,1.0,True
tdbD00007532,0.9733333333333334,0.9545454545454546,0.9545454545454546,0.9545454545454546,False,1.0,1.0,1.0,1.0,True
tdbD00007540,1.0,1.0,1.0,1.0,True,1.0,1.0,1.0,1.0,True
tdbD00007541,0.918918918918919,0.9047619047619048,0.95,0.9268292682926829,False,1.0,1.0,1.0,1.0,True
tdbD00007544,0.974025974025974,1.0,0.9545454545454546,0.9767441860465117,False,1.0,1.0,1.0,1.0,True
tdbD00007547,1.0,1.0,1.0,1.0,True,1.0,1.0,1.0,1.0,True
tdbD00007550,0.7837837837837838,0.8095238095238095,0.8095238095238095,0.8095238095238095,False,1.0,1.0,1.0,1.0,True
tdbD00007555,1.0,1.0,1.0,1.0,True,1.0,1.0,1.0,1.0,True
tdbD00007563,0.7162162162162162,0.5714285714285714,0.48,0.5217391304347826,False,1.0,1.0,1.0,1.0,True
tdbD00007581,0.6081081081081081,0.5238095238095238,0.5,0.5116279069767442,False,1.0,1.0,1.0,1.0,True
tdbD00007587,1.0,1.0,1.0,1.0,True,1.0,1.0,1.0,1.0,True
tdbD00007589,0.972972972972973,1.0,0.9545454545454546,0.9767441860465117,False,1.0,1.0,1.0,1.0,True
tdbD00007590,0.8648648648648649,0.7142857142857143,0.6521739130434783,0.6818181818181819,False,1.0,1.0,1.0,1.0,True
tdbD00007594,0.974025974025974,0.9523809523809523,1.0,0.975609756097561,False,1.0,1.0,1.0,1.0,True
tdbD00007598,1.0,1.0,1.0,1.0,True,1.0,1.0,1.0,1.0,True
tdbD00007608,1.0,1.0,1.0,1.0,True,1.0,1.0,1.0,1.0,True
tdbD00007624,0.9736842105263158,0.9545454545454546,1.0,0.9767441860465117,False,1.0,1.0,1.0,1.0,True
tdbD00007637,1.0,1.0,1.0,1.0,True,1.0,1.0,1.0,1.0,True
tdbD00007656,1.0,1.0,1.0,1.0,True,1.0,1.0,1.0,1.0,True
tdbD00007657,0.974025974025974,0.9523809523809523,1.0,0.975609756097561,False,0.922077922077922,0.8571428571428571,1.0,0.923076923076923,False
tdbD00007662,0.974025974025974,1.0,0.9545454545454546,0.9767441860465117,False,1.0,1.0,1.0,1.0,True
tdbD00007679,1.0,1.0,1.0,1.0,True,1.0,1.0,1.0,1.0,True
tdbD00007701,1.0,1.0,1.0,1.0,True,1.0,1.0,1.0,1.0,True
tdbD00007709,0.9736842105263158,1.0,0.9545454545454546,0.9767441860465117,False,1.0,1.0,1.0,1.0,True
tdbD00007711,0.8701298701298701,0.8,0.8421052631578947,0.8205128205128205,False,1.0,1.0,1.0,1.0,True
tdbD00007717,0.8108108108108109,0.38095238095238093,0.38095238095238093,0.38095238095238093,False,0.9459459459459459,0.9047619047619048,1.0,0.9500000000000001,False
tdbD00007741,1.0,1.0,1.0,1.0,True,1.0,1.0,1.0,1.0,True
tdbD00007751,1.0,1.0,1.0,1.0,True,1.0,1.0,1.0,1.0,True
tdbD00007754,0.7361111111111112,0.6666666666666666,0.631578947368421,0.6486486486486486,False,0.9444444444444444,0.8888888888888888,1.0,0.9411764705882353,False
tdbD00007769,1.0,1.0,1.0,1.0,True,1.0,1.0,1.0,1.0,True
tdbD00007775,1.0,1.0,1.0,1.0,True,1.0,1.0,1.0,1.0,True
tdbD00007791,1.0,1.0,1.0,1.0,True,1.0,1.0,1.0,1.0,True
tdbD00007806,0.7236842105263158,0.6,0.631578947368421,0.6153846153846154,False,1.0,1.0,1.0,1.0,True
tdbD00007810,1.0,1.0,1.0,1.0,True,1.0,1.0,1.0,1.0,True
tdbD00007812,0.8333333333333334,0.7619047619047619,0.8,0.7804878048780488,False,1.0,1.0,1.0,1.0,True
tdbD00007833,1.0,1.0,1.0,1.0,True,1.0,1.0,1.0,1.0,True
tdbD00007838,1.0,1.0,1.0,1.0,True,1.0,1.0,1.0,1.0,True
tdbD00007894,1.0,1.0,1.0,1.0,True,1.0,1.0,1.0,1.0,True
tdbD00007900,0.9444444444444444,0.9090909090909091,1.0,0.9523809523809523,False,1.0,1.0,1.0,1.0,True
tdbD00007918,1.0,1.0,1.0,1.0,True,1.0,1.0,1.0,1.0,True
tdbD00007949,1.0,1.0,1.0,1.0,True,1.0,1.0,1.0,1.0,True
tdbD00007956,1.0,1.0,1.0,1.0,True,1.0,1.0,1.0,1.0,True
tdbD00007988,1.0,1.0,1.0,1.0,True,1.0,1.0,1.0,1.0,True
tdbD00008000,1.0,1.0,1.0,1.0,True,1.0,1.0,1.0,1.0,True
tdbD00008002,1.0,1.0,1.0,1.0,True,1.0,1.0,1.0,1.0,True
tdbD00008012,0.9733333333333334,1.0,0.9545454545454546,0.9767441860465117,False,1.0,1.0,1.0,1.0,True
tdbD00008033,0.6486486486486487,0.6,0.5454545454545454,0.5714285714285713,False,1.0,1.0,1.0,1.0,True
tdbD00008050,1.0,1.0,1.0,1.0,True,1.0,1.0,1.0,1.0,True
tdbD00008076,0.7948717948717948,0.8,0.6956521739130435,0.7441860465116279,False,1.0,1.0,1.0,1.0,True
tdbD00008087,0.974025974025974,1.0,0.9545454545454546,0.9767441860465117,False,1.0,1.0,1.0,1.0,True
tdbD00008104,0.974025974025974,1.0,0.9545454545454546,0.9767441860465117,False,1.0,1.0,1.0,1.0,True
tdbD00008106,0.9743589743589743,1.0,0.9545454545454546,0.9767441860465117,False,1.0,1.0,1.0,1.0,True
tdbD00008120,0.974025974025974,1.0,0.9545454545454546,0.9767441860465117,False,1.0,1.0,1.0,1.0,True
tdbD00008136,0.9726027397260274,1.0,0.9545454545454546,0.9767441860465117,False,1.0,1.0,1.0,1.0,True
tdbD00008149,0.974025974025974,1.0,0.9545454545454546,0.9767441860465117,False,1.0,1.0,1.0,1.0,True
tdbD00008179,0.8918918918918919,0.8571428571428571,0.75,0.7999999999999999,False,1.0,1.0,1.0,1.0,True
tdbD00008182,0.9178082191780822,0.85,0.7391304347826086,0.7906976744186046,False,1.0,1.0,1.0,1.0,True
tdbD00008193,0.8701298701298701,0.8571428571428571,0.6923076923076923,0.7659574468085107,False,1.0,1.0,1.0,1.0,True
tdbD00008198,0.8961038961038961,0.8571428571428571,0.8181818181818182,0.8372093023255814,False,1.0,1.0,1.0,1.0,True
tdbD00008200,0.8701298701298701,0.85,0.68,0.7555555555555556,False,1.0,1.0,1.0,1.0,True
tdbD00008204,0.6266666666666667,0.5454545454545454,0.5454545454545454,0.5454545454545454,False,1.0,1.0,1.0,1.0,True
tdbD00008223,0.9166666666666666,0.8571428571428571,1.0,0.923076923076923,False,1.0,1.0,1.0,1.0,True
tdbD00008227,0.76,0.7619047619047619,0.7619047619047619,0.7619047619047619,False,1.0,1.0,1.0,1.0,True
tdbD00008233,0.9154929577464789,0.8571428571428571,1.0,0.923076923076923,False,1.0,1.0,1.0,1.0,True
tdbD00008252,0.8333333333333334,0.75,0.75,0.75,False,1.0,1.0,1.0,1.0,True
tdbD00008261,0.7916666666666666,0.7142857142857143,0.8823529411764706,0.7894736842105262,False,0.9722222222222222,0.7142857142857143,0.6818181818181818,0.6976744186046512,False
tdbD00008262,0.8873239436619719,0.8181818181818182,1.0,0.9,False,1.0,1.0,1.0,1.0,True
tdbD00008269,0.9466666666666667,0.9523809523809523,0.9523809523809523,0.9523809523809523,False,1.0,1.0,1.0,1.0,True
tdbD00008273,0.974025974025974,1.0,0.9545454545454546,0.9767441860465117,False,1.0,1.0,1.0,1.0,True
tdbD00008274,0.9459459459459459,0.9523809523809523,0.9523809523809523,0.9523809523809523,False,1.0,1.0,1.0,1.0,True
tdbD00008283,0.8026315789473685,0.7727272727272727,0.68,0.7234042553191491,False,1.0,1.0,1.0,1.0,True
tdbD00008296,0.8888888888888888,0.8571428571428571,0.8181818181818182,0.8372093023255814,False,1.0,1.0,1.0,1.0,True
tdbD00008318,0.974025974025974,1.0,0.9545454545454546,0.9767441860465117,False,1.0,1.0,1.0,1.0,True
tdbD00008322,0.972972972972973,1.0,0.9545454545454546,0.9767441860465117,False,1.0,1.0,1.0,1.0,True
tdbD00008336,0.972972972972973,1.0,0.9545454545454546,0.9767441860465117,False,1.0,1.0,1.0,1.0,True
tdbD00008348,0.974025974025974,1.0,0.9545454545454546,0.9767441860465117,False,1.0,1.0,1.0,1.0,True
tdbD00008349,0.972972972972973,1.0,0.9545454545454546,0.9767441860465117,False,1.0,1.0,1.0,1.0,True
tdbD00008361,0.972972972972973,1.0,0.9545454545454546,0.9767441860465117,False,1.0,1.0,1.0,1.0,True
tdbD00008363,0.974025974025974,1.0,0.9545454545454546,0.9767441860465117,False,1.0,1.0,1.0,1.0,True
tdbD00008369,0.6756756756756757,0.6111111111111112,0.5238095238095238,0.5641025641025642,False,1.0,1.0,1.0,1.0,True
tdbD00008373,0.974025974025974,1.0,0.9565217391304348,0.9777777777777777,False,1.0,1.0,1.0,1.0,True
tdbD00008374,0.948051948051948,0.9523809523809523,0.9523809523809523,0.9523809523809523,False,1.0,1.0,1.0,1.0,True
tdbD00008375,0.8701298701298701,0.8095238095238095,0.7727272727272727,0.7906976744186046,False,1.0,1.0,1.0,1.0,True
tdbD00008402,0.972972972972973,1.0,0.9545454545454546,0.9767441860465117,False,1.0,1.0,1.0,1.0,True
tdbD00008407,0.974025974025974,1.0,0.9565217391304348,0.9777777777777777,False,1.0,1.0,1.0,1.0,True
tdbD00008409,0.918918918918919,0.7777777777777778,0.7368421052631579,0.7567567567567567,False,0.9459459459459459,0.8888888888888888,1.0,0.9411764705882353,False
tdbD00008411,0.974025974025974,1.0,0.9545454545454546,0.9767441860465117,False,1.0,1.0,1.0,1.0,True
tdbD00008422,0.974025974025974,1.0,0.9545454545454546,0.9767441860465117,False,1.0,1.0,1.0,1.0,True
tdbD00008427,0.974025974025974,1.0,0.9545454545454546,0.9767441860465117,False,1.0,1.0,1.0,1.0,True
tdbD00008429,1.0,1.0,1.0,1.0,True,1.0,1.0,1.0,1.0,True
tdbD00008438,0.9733333333333334,1.0,0.95,0.9743589743589743,False,0.8933333333333333,0.7894736842105263,1.0,0.8823529411764706,False
tdbD00008442,0.9722222222222222,1.0,0.9545454545454546,0.9767441860465117,False,1.0,1.0,1.0,1.0,True
tdbD00008443,0.7837837837837838,0.7619047619047619,0.8,0.7804878048780488,False,1.0,1.0,1.0,1.0,True
tdbD00008449,0.9166666666666666,0.8571428571428571,1.0,0.923076923076923,False,1.0,1.0,1.0,1.0,True
tdbD00008457,0.9166666666666666,0.8571428571428571,1.0,0.923076923076923,False,1.0,1.0,1.0,1.0,True
tdbD00008464,0.9166666666666666,0.8571428571428571,1.0,0.923076923076923,False,1.0,1.0,1.0,1.0,True
tdbD00008480,0.9166666666666666,0.8571428571428571,1.0,0.923076923076923,False,1.0,1.0,1.0,1.0,True
tdbD00008482,0.9722222222222222,0.95,1.0,0.9743589743589743,False,1.0,1.0,1.0,1.0,True
tdbD00008483,0.9722222222222222,0.95,1.0,0.9743589743589743,False,1.0,1.0,1.0,1.0,True
tdbD00008509,0.9733333333333334,0.95,1.0,0.9743589743589743,False,1.0,1.0,1.0,1.0,True
tdbD00008542,0.8378378378378378,0.7272727272727273,1.0,0.8421052631578948,False,1.0,1.0,1.0,1.0,True
tdbD00008554,0.9722222222222222,0.95,1.0,0.9743589743589743,False,1.0,1.0,1.0,1.0,True
tdbD00008574,0.6973684210526315,0.5909090909090909,0.52,0.5531914893617023,False,1.0,1.0,1.0,1.0,True
tdbD00008577,0.7333333333333333,0.5909090909090909,0.5416666666666666,0.5652173913043478,False,1.0,1.0,1.0,1.0,True
tdbD00008586,0.8904109589041096,0.8095238095238095,1.0,0.8947368421052632,False,1.0,1.0,1.0,1.0,True
tdbD00008612,0.9436619718309859,0.9523809523809523,0.9523809523809523,0.9523809523809523,False,1.0,1.0,1.0,1.0,True
tdbD00008633,0.9444444444444444,0.9047619047619048,1.0,0.9500000000000001,False,1.0,1.0,1.0,1.0,True
tdbD00008635,0.9722222222222222,0.95,1.0,0.9743589743589743,False,1.0,1.0,1.0,1.0,True
tdbD00008641,0.9722222222222222,1.0,0.9545454545454546,0.9767441860465117,False,1.0,1.0,1.0,1.0,True
tdbD00008648,0.7397260273972602,0.7272727272727273,0.8,0.761904761904762,False,0.8904109589041096,0.8181818181818182,1.0,0.9,False
tdbD00008665,1.0,1.0,1.0,1.0,True,1.0,1.0,1.0,1.0,True
tdbD00008686,0.9726027397260274,0.95,1.0,0.9743589743589743,False,1.0,1.0,1.0,1.0,True
tdbD00008698,0.9722222222222222,0.9523809523809523,1.0,0.975609756097561,False,1.0,1.0,1.0,1.0,True
tdbD00008699,0.9722222222222222,0.95,1.0,0.9743589743589743,False,1.0,1.0,1.0,1.0,True
tdbD00008706,0.9722222222222222,0.9523809523809523,1.0,0.975609756097561,False,1.0,1.0,1.0,1.0,True
tdbD00008707,0.9444444444444444,0.9047619047619048,1.0,0.9500000000000001,False,1.0,1.0,1.0,1.0,True
tdbD00008712,1.0,1.0,1.0,1.0,True,0.8933333333333333,0.8095238095238095,1.0,0.8947368421052632,False
tdbD00008714,0.8108108108108109,0.6666666666666666,1.0,0.8,False,1.0,1.0,1.0,1.0,True
tdbD00008744,0.9736842105263158,0.95,1.0,0.9743589743589743,False,1.0,1.0,1.0,1.0,True
tdbD00008746,0.8133333333333334,0.4,0.42105263157894735,0.41025641025641024,False,1.0,1.0,1.0,1.0,True
tdbD00008747,0.9733333333333334,0.95,1.0,0.9743589743589743,False,1.0,1.0,1.0,1.0,True
tdbD00008758,0.8227848101265823,0.85,0.7391304347826086,0.7906976744186046,False,0.9240506329113924,0.85,1.0,0.9189189189189189,False
tdbD00008761,0.9733333333333334,0.9545454545454546,1.0,0.9767441860465117,False,1.0,1.0,1.0,1.0,True
tdbD00008766,1.0,1.0,1.0,1.0,True,1.0,1.0,1.0,1.0,True
tdbD00008767,0.9733333333333334,0.95,1.0,0.9743589743589743,False,1.0,1.0,1.0,1.0,True
tdbD00008813,1.0,1.0,1.0,1.0,True,1.0,1.0,1.0,1.0,True
tdbD00008819,0.9452054794520548,1.0,0.9130434782608695,0.9545454545454545,False,1.0,1.0,1.0,1.0,True
tdbD00008865,0.974025974025974,0.95,1.0,0.9743589743589743,False,1.0,1.0,1.0,1.0,True
tdbD00008868,0.7532467532467533,0.5714285714285714,0.5714285714285714,0.5714285714285714,False,1.0,1.0,1.0,1.0,True
tdbD00008898,0.8918918918918919,0.8,1.0,0.888888888888889,False,1.0,1.0,1.0,1.0,True
tdbD00008904,1.0,1.0,1.0,1.0,True,1.0,1.0,1.0,1.0,True
tdbD00008943,1.0,1.0,1.0,1.0,True,1.0,1.0,1.0,1.0,True
tdbD00008944,0.922077922077922,0.9545454545454546,0.9130434782608695,0.9333333333333332,False,1.0,1.0,1.0,1.0,True
tdbD00008950,0.948051948051948,1.0,0.9130434782608695,0.9545454545454545,False,1.0,1.0,1.0,1.0,True
tdbD00008957,1.0,1.0,1.0,1.0,True,1.0,1.0,1.0,1.0,True
tdbD00008958,0.8611111111111112,0.7619047619047619,1.0,0.8648648648648648,False,1.0,1.0,1.0,1.0,True
tdbD00008975,1.0,1.0,1.0,1.0,True,1.0,1.0,1.0,1.0,True
tdbD00008982,0.948051948051948,1.0,0.9130434782608695,0.9545454545454545,False,1.0,1.0,1.0,1.0,True
tdbD00008988,1.0,1.0,1.0,1.0,True,1.0,1.0,1.0,1.0,True
tdbD00009000,1.0,1.0,1.0,1.0,True,1.0,1.0,1.0,1.0,True
tdbD00009006,0.7027027027027027,0.8,0.6666666666666666,0.7272727272727272,False,0.9459459459459459,0.9,1.0,0.9473684210526316,False
tdbD00009008,0.9452054794520548,1.0,0.9130434782608695,0.9545454545454545,False,1.0,1.0,1.0,1.0,True
tdbD00009018,1.0,1.0,1.0,1.0,True,1.0,1.0,1.0,1.0,True
tdbD00009027,0.8181818181818182,0.7619047619047619,0.64,0.6956521739130435,False,1.0,1.0,1.0,1.0,True
tdbD00009030,0.7564102564102564,0.7727272727272727,0.7083333333333334,0.7391304347826088,False,1.0,1.0,1.0,1.0,True
tdbD00009057,0.7837837837837838,0.7142857142857143,0.625,0.6666666666666666,False,1.0,1.0,1.0,1.0,True
tdbD00009093,0.8611111111111112,0.7619047619047619,0.7272727272727273,0.7441860465116279,False,1.0,1.0,1.0,1.0,True
tdbD00009101,1.0,1.0,1.0,1.0,True,1.0,1.0,1.0,1.0,True
tdbD00009105,1.0,1.0,1.0,1.0,True,1.0,1.0,1.0,1.0,True
tdbD00009110,0.6944444444444444,0.7,0.6363636363636364,0.6666666666666666,False,1.0,1.0,1.0,1.0,True
tdbD00009111,0.6666666666666666,0.7,0.6666666666666666,0.6829268292682926,False,1.0,1.0,1.0,1.0,True
tdbD00009112,0.6666666666666666,0.7,0.6666666666666666,0.6829268292682926,False,1.0,1.0,1.0,1.0,True
tdbD00009115,1.0,1.0,1.0,1.0,True,1.0,1.0,1.0,1.0,True
tdbD00009131,0.6756756756756757,0.5789473684210527,0.5789473684210527,0.5789473684210527,False,1.0,1.0,1.0,1.0,True
tdbD00009133,0.6388888888888888,0.5238095238095238,0.5789473684210527,0.5500000000000002,False,1.0,1.0,1.0,1.0,True
tdbD00009135,1.0,1.0,1.0,1.0,True,1.0,1.0,1.0,1.0,True
tdbD00009153,1.0,1.0,1.0,1.0,True,1.0,1.0,1.0,1.0,True
tdbD00009169,0.8888888888888888,0.8095238095238095,0.7391304347826086,0.7727272727272727,False,1.0,1.0,1.0,1.0,True
tdbD00009170,0.6756756756756757,0.5238095238095238,0.4782608695652174,0.5,False,1.0,1.0,1.0,1.0,True
tdbD00009177,0.922077922077922,0.9523809523809523,0.9090909090909091,0.9302325581395349,False,1.0,1.0,1.0,1.0,True
tdbD00009186,0.6891891891891891,0.5238095238095238,0.7857142857142857,0.6285714285714286,False,1.0,1.0,1.0,1.0,True
tdbD00009210,1.0,1.0,1.0,1.0,True,1.0,1.0,1.0,1.0,True
tdbD00009222,0.8441558441558441,0.5714285714285714,0.5714285714285714,0.5714285714285714,False,1.0,1.0,1.0,1.0,True
tdbD00009225,0.7236842105263158,0.75,0.5555555555555556,0.6382978723404256,False,0.9473684210526315,1.0,0.9090909090909091,0.9523809523809523,False
tdbD00009235,1.0,1.0,1.0,1.0,True,1.0,1.0,1.0,1.0,True
tdbD00009271,1.0,1.0,1.0,1.0,True,1.0,1.0,1.0,1.0,True
tdbD00009272,0.8611111111111112,0.75,1.0,0.8571428571428571,False,1.0,1.0,1.0,1.0,True
tdbD00009278,1.0,1.0,1.0,1.0,True,1.0,1.0,1.0,1.0,True
tdbD00009288,1.0,1.0,1.0,1.0,True,1.0,1.0,1.0,1.0,True
tdbD00009295,0.8611111111111112,0.7619047619047619,1.0,0.8648648648648648,False,1.0,1.0,1.0,1.0,True
tdbD00009299,0.9722222222222222,0.9523809523809523,1.0,0.975609756097561,False,1.0,1.0,1.0,1.0,True
tdbD00009323,1.0,1.0,1.0,1.0,True,1.0,1.0,1.0,1.0,True
tdbD00009328,1.0,1.0,1.0,1.0,True,1.0,1.0,1.0,1.0,True
tdbD00009329,1.0,1.0,1.0,1.0,True,1.0,1.0,1.0,1.0,True
tdbD00009337,1.0,1.0,1.0,1.0,True,1.0,1.0,1.0,1.0,True
tdbD00009340,0.7792207792207793,0.5714285714285714,0.75,0.6486486486486486,False,1.0,1.0,1.0,1.0,True
tdbD00009344,1.0,1.0,1.0,1.0,True,1.0,1.0,1.0,1.0,True
tdbD00009357,1.0,1.0,1.0,1.0,True,1.0,1.0,1.0,1.0,True
tdbD00009367,1.0,1.0,1.0,1.0,True,1.0,1.0,1.0,1.0,True
tdbD00009376,0.7662337662337663,0.55,0.5,0.5238095238095238,False,1.0,1.0,1.0,1.0,True
tdbD00009377,1.0,1.0,1.0,1.0,True,1.0,1.0,1.0,1.0,True
tdbD00009382,0.974025974025974,0.9523809523809523,1.0,0.975609756097561,False,1.0,1.0,1.0,1.0,True
tdbD00009383,1.0,1.0,1.0,1.0,True,1.0,1.0,1.0,1.0,True
tdbD00009400,1.0,1.0,1.0,1.0,True,1.0,1.0,1.0,1.0,True
tdbD00009422,0.972972972972973,0.9523809523809523,0.9523809523809523,0.9523809523809523,False,1.0,1.0,1.0,1.0,True
tdbD00009423,0.974025974025974,0.9523809523809523,1.0,0.975609756097561,False,1.0,1.0,1.0,1.0,True
tdbD00009434,0.8918918918918919,0.8095238095238095,0.85,0.8292682926829269,False,1.0,1.0,1.0,1.0,True
tdbD00009446,0.8157894736842105,0.7619047619047619,0.7619047619047619,0.7619047619047619,False,1.0,1.0,1.0,1.0,True
tdbD00009447,1.0,1.0,1.0,1.0,True,1.0,1.0,1.0,1.0,True
tdbD00009449,1.0,1.0,1.0,1.0,True,1.0,1.0,1.0,1.0,True
tdbD00009450,1.0,1.0,1.0,1.0,True,1.0,1.0,1.0,1.0,True
tdbD00009458,0.8333333333333334,0.7619047619047619,0.6666666666666666,0.7111111111111111,False,1.0,1.0,1.0,1.0,True
tdbD00009460,0.7662337662337663,0.5238095238095238,0.6875,0.5945945945945946,False,1.0,1.0,1.0,1.0,True
tdbD00009463,1.0,1.0,1.0,1.0,True,1.0,1.0,1.0,1.0,True
tdbD00009467,1.0,1.0,1.0,1.0,True,1.0,1.0,1.0,1.0,True
tdbD00009477,0.8888888888888888,0.8095238095238095,0.8095238095238095,0.8095238095238095,False,1.0,1.0,1.0,1.0,True
tdbD00009481,0.9743589743589743,0.9545454545454546,1.0,0.9767441860465117,False,1.0,1.0,1.0,1.0,True
tdbD00009484,0.7162162162162162,0.55,0.6111111111111112,0.5789473684210527,False,1.0,1.0,1.0,1.0,True
tdbD00009541,0.863013698630137,0.7619047619047619,0.7272727272727273,0.7441860465116279,False,1.0,1.0,1.0,1.0,True
tdbD00009547,0.863013698630137,0.7619047619047619,1.0,0.8648648648648648,False,1.0,1.0,1.0,1.0,True
tdbD00009556,0.9726027397260274,1.0,0.9545454545454546,0.9767441860465117,False,1.0,1.0,1.0,1.0,True
tdbD00009602,0.8924731182795699,0.8846153846153846,0.8518518518518519,0.8679245283018868,False,1.0,1.0,1.0,1.0,True
tdbD00009637,0.8723404255319149,0.8518518518518519,0.7931034482758621,0.8214285714285715,False,1.0,1.0,1.0,1.0,True
tdbD00009642,0.9545454545454546,0.9583333333333334,0.9583333333333334,0.9583333333333334,False,0.9772727272727273,1.0,0.96,0.9795918367346939,False
tdbD00009652,0.6444444444444445,0.48,0.5,0.4897959183673469,False,1.0,1.0,1.0,1.0,True
tdbD00009653,0.7954545454545454,0.72,0.6923076923076923,0.7058823529411765,False,1.0,1.0,1.0,1.0,True
tdbD00009663,0.9775280898876404,0.96,1.0,0.9795918367346939,False,0.9775280898876404,0.96,1.0,0.9795918367346939,False
tdbD00009672,0.9139784946236559,0.8928571428571429,0.8620689655172413,0.8771929824561403,False,0.978494623655914,0.9642857142857143,1.0,0.9818181818181818,False
tdbD00009682,1.0,1.0,1.0,1.0,True,1.0,1.0,1.0,1.0,True
tdbD00009689,1.0,1.0,1.0,1.0,True,1.0,1.0,1.0,1.0,True
tdbD00009691,0.9120879120879121,0.8846153846153846,0.9583333333333334,0.9199999999999999,False,0.9560439560439561,0.9615384615384616,0.9615384615384616,0.9615384615384616,False
tdbD00009710,0.7472527472527473,0.46153846153846156,0.48,0.47058823529411764,False,1.0,1.0,1.0,1.0,True
tdbD00009711,1.0,1.0,1.0,1.0,True,1.0,1.0,1.0,1.0,True
tdbD00009734,0.8478260869565217,0.8518518518518519,0.7931034482758621,0.8214285714285715,False,1.0,1.0,1.0,1.0,True
tdbD00009735,0.9777777777777777,1.0,0.9615384615384616,0.9803921568627451,False,0.9777777777777777,1.0,0.9615384615384616,0.9803921568627451,False
tdbD00009736,0.9560439560439561,0.9615384615384616,0.9615384615384616,0.9615384615384616,False,1.0,1.0,1.0,1.0,True
tdbD00009757,0.9130434782608695,0.9615384615384616,0.8928571428571429,0.9259259259259259,False,0.9782608695652174,1.0,0.9629629629629629,0.9811320754716981,False
tdbD00009766,0.8222222222222222,0.68,0.8095238095238095,0.7391304347826089,False,1.0,1.0,1.0,1.0,True
tdbD00009773,0.9777777777777777,1.0,0.9629629629629629,0.9811320754716981,False,1.0,1.0,1.0,1.0,True
tdbD00009774,0.9555555555555556,0.96,0.96,0.96,False,0.9777777777777777,1.0,0.9615384615384616,0.9803921568627451,False
tdbD00009782,1.0,1.0,1.0,1.0,True,1.0,1.0,1.0,1.0,True
tdbD00009789,1.0,1.0,1.0,1.0,True,0.8823529411764706,0.8148148148148148,1.0,0.8979591836734693,False
tdbD00009798,0.8352941176470589,0.84,0.7241379310344828,0.7777777777777777,False,0.9529411764705882,0.92,1.0,0.9583333333333334,False
tdbD00009813,0.9404761904761905,0.9259259259259259,0.9615384615384616,0.9433962264150944,False,0.9285714285714286,0.8518518518518519,0.9583333333333334,0.9019607843137256,False
tdbD00009832,0.9753086419753086,0.875,0.84,0.8571428571428572,False,1.0,1.0,1.0,1.0,True
tdbD00009835,1.0,1.0,1.0,1.0,True,1.0,1.0,1.0,1.0,True
tdbD00009845,0.8780487804878049,0.7916666666666666,1.0,0.8837209302325582,False,0.975609756097561,0.9583333333333334,1.0,0.9787234042553191,False
tdbD00009855,0.6419753086419753,0.56,0.7368421052631579,0.6363636363636364,False,1.0,1.0,1.0,1.0,True
tdbD00009872,0.9259259259259259,0.88,1.0,0.9361702127659575,False,1.0,1.0,1.0,1.0,True
tdbD00009890,0.8414634146341463,0.6666666666666666,0.6956521739130435,0.6808510638297872,False,1.0,1.0,1.0,1.0,True
tdbD00009892,0.8780487804878049,0.88,0.7857142857142857,0.830188679245283,False,0.975609756097561,0.96,1.0,0.9795918367346939,False
tdbD00009896,1.0,1.0,1.0,1.0,True,1.0,1.0,1.0,1.0,True
tdbD00009898,0.5555555555555556,0.44,0.55,0.48888888888888893,False,0.9259259259259259,0.88,1.0,0.9361702127659575,False
tdbD00009914,0.9529411764705882,0.9583333333333334,0.9583333333333334,0.9583333333333334,False,0.9764705882352941,1.0,0.96,0.9795918367346939,False
tdbD00009916,0.8352941176470589,0.72,1.0,0.8372093023255813,False,1.0,1.0,1.0,1.0,True
tdbD00009924,0.956989247311828,0.8333333333333334,0.8333333333333334,0.8333333333333334,False,0.9139784946236559,0.8333333333333334,1.0,0.9090909090909091,False
tdbD00009934,0.8160919540229885,0.7407407407407407,0.6666666666666666,0.7017543859649122,False,0.9770114942528736,1.0,0.9642857142857143,0.9818181818181818,False
tdbD00009936,0.9130434782608695,0.9615384615384616,0.8928571428571429,0.9259259259259259,False,0.9347826086956522,0.8076923076923077,0.7777777777777778,0.7924528301886792,False
tdbD00009950,0.8924731182795699,0.8571428571428571,0.8888888888888888,0.8727272727272727,False,1.0,1.0,1.0,1.0,True
tdbD00009977,0.9340659340659341,0.9230769230769231,0.8888888888888888,0.9056603773584906,False,0.9340659340659341,0.8846153846153846,1.0,0.9387755102040816,False
tdbD00009982,1.0,1.0,1.0,1.0,True,1.0,1.0,1.0,1.0,True
tdbD00009998,0.8409090909090909,0.8846153846153846,0.8518518518518519,0.8679245283018868,False,1.0,1.0,1.0,1.0,True
tdbD00010000,0.9111111111111111,0.8333333333333334,0.8,0.816326530612245,False,0.9111111111111111,0.8333333333333334,1.0,0.9090909090909091,False
tdbD00010005,1.0,1.0,1.0,1.0,True,1.0,1.0,1.0,1.0,True
tdbD00010024,0.956989247311828,0.8333333333333334,0.8333333333333334,0.8333333333333334,False,0.956989247311828,0.8333333333333334,0.8333333333333334,0.8333333333333334,False
tdbD00010027,0.8823529411764706,0.88,0.8461538461538461,0.8627450980392156,False,1.0,1.0,1.0,1.0,True
tdbD00010029,0.8588235294117647,0.84,0.8076923076923077,0.8235294117647058,False,1.0,1.0,1.0,1.0,True
tdbD00010032,0.9550561797752809,0.9629629629629629,0.9629629629629629,0.9629629629629629,False,0.9325842696629213,0.8888888888888888,1.0,0.9411764705882353,False
tdbD00010040,0.7303370786516854,0.48,0.48,0.48,False,0.9775280898876404,0.96,1.0,0.9795918367346939,False
tdbD00010053,0.6777777777777778,0.6,0.6,0.6,False,0.8888888888888888,0.8,1.0,0.888888888888889,False
tdbD00010060,0.7727272727272727,0.72,0.8181818181818182,0.7659574468085107,False,0.9772727272727273,1.0,0.9615384615384616,0.9803921568627451,False
tdbD00010076,0.8863636363636364,0.875,0.8076923076923077,0.8400000000000001,False,1.0,1.0,1.0,1.0,True
tdbD00010081,0.8390804597701149,0.88,0.7857142857142857,0.830188679245283,False,1.0,1.0,1.0,1.0,True
tdbD00010085,0.8681318681318682,0.8461538461538461,0.8148148148148148,0.830188679245283,False,0.978021978021978,1.0,0.9629629629629629,0.9811320754716981,False
tdbD00010093,0.9354838709677419,1.0,0.8928571428571429,0.9433962264150945,False,1.0,1.0,1.0,1.0,True
tdbD00010104,0.9340659340659341,0.9230769230769231,0.8888888888888888,0.9056603773584906,False,0.8681318681318682,0.7692307692307693,1.0,0.8695652173913044,False
tdbD00010117,0.8636363636363636,0.875,0.7777777777777778,0.823529411764706,False,0.9090909090909091,0.875,0.9545454545454546,0.9130434782608695,False
tdbD00010145,0.8888888888888888,0.8888888888888888,0.9230769230769231,0.9056603773584906,False,1.0,1.0,1.0,1.0,True
tdbD00010165,0.8863636363636364,0.875,0.8076923076923077,0.8400000000000001,False,0.9318181818181818,0.875,1.0,0.9333333333333333,False
tdbD00010167,0.9333333333333333,0.8888888888888888,1.0,0.9411764705882353,False,1.0,1.0,1.0,1.0,True
tdbD00010173,0.9512195121951219,1.0,0.9259259259259259,0.9615384615384615,False,1.0,1.0,1.0,1.0,True
tdbD00010177,0.7849462365591398,0.68,0.6538461538461539,0.6666666666666666,False,1.0,1.0,1.0,1.0,True
tdbD00010179,0.8695652173913043,0.8518518518518519,0.92,0.8846153846153846,False,1.0,1.0,1.0,1.0,True
tdbD00010184,0.6739130434782609,0.4642857142857143,0.4482758620689655,0.456140350877193,False,1.0,1.0,1.0,1.0,True
tdbD00010187,0.8210526315789474,0.6785714285714286,0.59375,0.6333333333333334,False,0.9578947368421052,0.9285714285714286,1.0,0.962962962962963,False
tdbD00010211,0.7582417582417582,0.6538461538461539,0.5862068965517241,0.6181818181818182,False,1.0,1.0,1.0,1.0,True
tdbD00010224,0.9777777777777777,0.9629629629629629,1.0,0.9811320754716981,False,1.0,1.0,1.0,1.0,True
tdbD00010234,0.975609756097561,0.96,1.0,0.9795918367346939,False,1.0,1.0,1.0,1.0,True
tdbD00010236,0.975609756097561,0.875,0.84,0.8571428571428572,False,1.0,1.0,1.0,1.0,True
tdbD00010245,0.975609756097561,0.875,0.84,0.8571428571428572,False,1.0,1.0,1.0,1.0,True
tdbD00010265,0.8591549295774648,0.7619047619047619,1.0,0.8648648648648648,False,1.0,1.0,1.0,1.0,True
tdbD00010281,1.0,1.0,1.0,1.0,True,1.0,1.0,1.0,1.0,True
tdbD00010294,1.0,1.0,1.0,1.0,True,1.0,1.0,1.0,1.0,True
tdbD00010312,0.9466666666666667,1.0,0.9130434782608695,0.9545454545454545,False,1.0,1.0,1.0,1.0,True
tdbD00010317,0.9473684210526315,1.0,0.9130434782608695,0.9545454545454545,False,1.0,1.0,1.0,1.0,True
tdbD00010350,0.9466666666666667,1.0,0.9130434782608695,0.9545454545454545,False,1.0,1.0,1.0,1.0,True
tdbD00010356,0.9466666666666667,1.0,0.9130434782608695,0.9545454545454545,False,1.0,1.0,1.0,1.0,True
tdbD00010360,0.7894736842105263,0.7619047619047619,0.6956521739130435,0.7272727272727272,False,1.0,1.0,1.0,1.0,True
tdbD00010381,0.5263157894736842,0.47368421052631576,0.47368421052631576,0.47368421052631576,False,0.7894736842105263,0.5789473684210527,1.0,0.7333333333333334,False
tdbD00010388,0.6986301369863014,0.5,0.4074074074074074,0.44897959183673464,False,1.0,1.0,1.0,1.0,True
tdbD00010394,1.0,1.0,1.0,1.0,True,1.0,1.0,1.0,1.0,True
tdbD00010429,0.9473684210526315,1.0,0.9130434782608695,0.9545454545454545,False,1.0,1.0,1.0,1.0,True
tdbD00010432,0.9466666666666667,1.0,0.9130434782608695,0.9545454545454545,False,1.0,1.0,1.0,1.0,True
tdbD00010443,0.9466666666666667,1.0,0.9130434782608695,0.9545454545454545,False,1.0,1.0,1.0,1.0,True
tdbD00010447,0.9444444444444444,1.0,0.9130434782608695,0.9545454545454545,False,1.0,1.0,1.0,1.0,True
tdbD00010448,0.9444444444444444,1.0,0.9130434782608695,0.9545454545454545,False,1.0,1.0,1.0,1.0,True
tdbD00010456,1.0,1.0,1.0,1.0,True,1.0,1.0,1.0,1.0,True
tdbD00010459,0.8947368421052632,0.8095238095238095,0.7083333333333334,0.7555555555555556,False,1.0,1.0,1.0,1.0,True
tdbD00010472,0.9452054794520548,1.0,0.9130434782608695,0.9545454545454545,False,0.9726027397260274,0.9523809523809523,1.0,0.975609756097561,False
tdbD00010482,0.7397260273972602,0.631578947368421,0.7058823529411765,0.6666666666666667,False,1.0,1.0,1.0,1.0,True
tdbD00010483,0.7183098591549296,0.6,0.5,0.5454545454545454,False,1.0,1.0,1.0,1.0,True
tdbD00010501,0.9154929577464789,0.8571428571428571,1.0,0.923076923076923,False,1.0,1.0,1.0,1.0,True
tdbD00010510,0.9444444444444444,0.9047619047619048,1.0,0.9500000000000001,False,1.0,1.0,1.0,1.0,True
tdbD00010520,1.0,1.0,1.0,1.0,True,1.0,1.0,1.0,1.0,True
tdbD00010527,0.9726027397260274,0.95,1.0,0.9743589743589743,False,1.0,1.0,1.0,1.0,True
tdbD00010536,0.868421052631579,0.8571428571428571,0.8571428571428571,0.8571428571428571,False,1.0,1.0,1.0,1.0,True
tdbD00010583,1.0,1.0,1.0,1.0,True,1.0,1.0,1.0,1.0,True
tdbD00010584,0.972972972972973,0.9523809523809523,0.9523809523809523,0.9523809523809523,False,1.0,1.0,1.0,1.0,True
tdbD00010608,0.92,0.9523809523809523,0.9090909090909091,0.9302325581395349,False,1.0,1.0,1.0,1.0,True
tdbD00010619,0.6578947368421053,0.5238095238095238,0.6470588235294118,0.5789473684210527,False,1.0,1.0,1.0,1.0,True
tdbD00010631,0.8918918918918919,0.8,1.0,0.888888888888889,False,1.0,1.0,1.0,1.0,True
tdbD00010632,1.0,1.0,1.0,1.0,True,1.0,1.0,1.0,1.0,True
tdbD00010647,0.868421052631579,0.8,0.8888888888888888,0.8421052631578948,False,1.0,1.0,1.0,1.0,True
tdbD00010667,0.7922077922077922,0.65,0.6842105263157895,0.6666666666666667,False,1.0,1.0,1.0,1.0,True
tdbD00010675,0.868421052631579,0.8571428571428571,0.9,0.8780487804878048,False,1.0,1.0,1.0,1.0,True
tdbD00010690,0.9473684210526315,1.0,0.9130434782608695,0.9545454545454545,False,1.0,1.0,1.0,1.0,True
tdbD00010711,0.7808219178082192,0.7142857142857143,0.6521739130434783,0.6818181818181819,False,1.0,1.0,1.0,1.0,True
tdbD00010730,0.9473684210526315,1.0,0.9130434782608695,0.9545454545454545,False,1.0,1.0,1.0,1.0,True
tdbD00010739,0.6578947368421053,0.5238095238095238,0.6470588235294118,0.5789473684210527,False,1.0,1.0,1.0,1.0,True
tdbD00010756,1.0,1.0,1.0,1.0,True,1.0,1.0,1.0,1.0,True
tdbD00010762,0.6578947368421053,0.5238095238095238,0.6470588235294118,0.5789473684210527,False,1.0,1.0,1.0,1.0,True
tdbD00010767,0.9726027397260274,0.9523809523809523,1.0,0.975609756097561,False,1.0,1.0,1.0,1.0,True
tdbD00010769,1.0,1.0,1.0,1.0,True,1.0,1.0,1.0,1.0,True
tdbD00010770,0.9452054794520548,1.0,0.9130434782608695,0.9545454545454545,False,1.0,1.0,1.0,1.0,True
tdbD00010771,0.92,0.9523809523809523,0.9090909090909091,0.9302325581395349,False,1.0,1.0,1.0,1.0,True
tdbD00010773,0.8356164383561644,0.8,0.8888888888888888,0.8421052631578948,False,1.0,1.0,1.0,1.0,True
tdbD00010777,1.0,1.0,1.0,1.0,True,1.0,1.0,1.0,1.0,True
tdbD00010778,1.0,1.0,1.0,1.0,True,1.0,1.0,1.0,1.0,True
tdbD00010786,1.0,1.0,1.0,1.0,True,1.0,1.0,1.0,1.0,True
tdbD00010809,1.0,1.0,1.0,1.0,True,1.0,1.0,1.0,1.0,True
tdbD00010856,0.9736842105263158,0.9523809523809523,1.0,0.975609756097561,False,1.0,1.0,1.0,1.0,True
tdbD00010871,0.868421052631579,0.7619047619047619,1.0,0.8648648648648648,False,1.0,1.0,1.0,1.0,True
tdbD00010877,1.0,1.0,1.0,1.0,True,1.0,1.0,1.0,1.0,True
tdbD00010878,0.868421052631579,0.7619047619047619,1.0,0.8648648648648648,False,1.0,1.0,1.0,1.0,True
tdbD00010894,1.0,1.0,1.0,1.0,True,1.0,1.0,1.0,1.0,True
tdbD00010919,1.0,1.0,1.0,1.0,True,1.0,1.0,1.0,1.0,True
tdbD00010922,1.0,1.0,1.0,1.0,True,1.0,1.0,1.0,1.0,True
tdbD00010934,1.0,1.0,1.0,1.0,True,1.0,1.0,1.0,1.0,True
tdbD00010944,0.9736842105263158,1.0,0.9545454545454546,0.9767441860465117,False,1.0,1.0,1.0,1.0,True
tdbD00010973,0.8589743589743589,0.85,0.7083333333333334,0.7727272727272727,False,1.0,1.0,1.0,1.0,True
tdbD00010995,0.7638888888888888,0.631578947368421,0.8571428571428571,0.7272727272727273,False,0.9722222222222222,0.9473684210526315,1.0,0.972972972972973,False
tdbD00011007,0.8082191780821918,0.6,0.631578947368421,0.6153846153846154,False,1.0,1.0,1.0,1.0,True
tdbD00011008,0.8082191780821918,0.6,0.631578947368421,0.6153846153846154,False,0.9726027397260274,0.95,1.0,0.9743589743589743,False
tdbD00011016,0.9178082191780822,0.85,0.85,0.85,False,1.0,1.0,1.0,1.0,True
tdbD00011025,0.6388888888888888,0.55,0.5238095238095238,0.5365853658536585,False,1.0,1.0,1.0,1.0,True
tdbD00011026,0.918918918918919,0.85,1.0,0.9189189189189189,False,1.0,1.0,1.0,1.0,True
tdbD00011035,0.7027027027027027,0.6,0.5454545454545454,0.5714285714285713,False,1.0,1.0,1.0,1.0,True
tdbD00011036,0.8108108108108109,0.75,0.7894736842105263,0.7692307692307692,False,1.0,1.0,1.0,1.0,True
tdbD00011040,1.0,1.0,1.0,1.0,True,1.0,1.0,1.0,1.0,True
tdbD00011044,1.0,1.0,1.0,1.0,True,1.0,1.0,1.0,1.0,True
tdbD00011054,1.0,1.0,1.0,1.0,True,1.0,1.0,1.0,1.0,True
tdbD00011062,0.8133333333333334,0.7619047619047619,0.8,0.7804878048780488,False,1.0,1.0,1.0,1.0,True
tdbD00011068,0.974025974025974,0.9473684210526315,1.0,0.972972972972973,False,1.0,1.0,1.0,1.0,True
tdbD00011096,0.7402597402597403,0.45,0.42857142857142855,0.4390243902439024,False,1.0,1.0,1.0,1.0,True
tdbD00011102,0.75,0.7142857142857143,0.6818181818181818,0.6976744186046512,False,1.0,1.0,1.0,1.0,True
tdbD00011122,0.9722222222222222,1.0,0.9545454545454546,0.9767441860465117,False,1.0,1.0,1.0,1.0,True
tdbD00011123,1.0,1.0,1.0,1.0,True,1.0,1.0,1.0,1.0,True
tdbD00011126,0.9733333333333334,1.0,0.9545454545454546,0.9767441860465117,False,1.0,1.0,1.0,1.0,True
tdbD00011132,0.948051948051948,1.0,0.9130434782608695,0.9545454545454545,False,1.0,1.0,1.0,1.0,True
tdbD00011134,1.0,1.0,1.0,1.0,True,1.0,1.0,1.0,1.0,True
tdbD00011135,1.0,1.0,1.0,1.0,True,1.0,1.0,1.0,1.0,True
tdbD00011136,0.6388888888888888,0.5714285714285714,0.5454545454545454,0.5581395348837208,False,0.8888888888888888,0.8095238095238095,1.0,0.8947368421052632,False
tdbD00011138,1.0,1.0,1.0,1.0,True,1.0,1.0,1.0,1.0,True
tdbD00011163,1.0,1.0,1.0,1.0,True,1.0,1.0,1.0,1.0,True
tdbD00011167,1.0,1.0,1.0,1.0,True,1.0,1.0,1.0,1.0,True
tdbD00011194,1.0,1.0,1.0,1.0,True,1.0,1.0,1.0,1.0,True
tdbD00011239,0.863013698630137,0.85,0.7727272727272727,0.8095238095238095,False,1.0,1.0,1.0,1.0,True
tdbD00011255,0.863013698630137,0.85,0.7727272727272727,0.8095238095238095,False,1.0,1.0,1.0,1.0,True
tdbD00011281,0.9178082191780822,0.85,0.85,0.85,False,1.0,1.0,1.0,1.0,True
tdbD00011282,0.9178082191780822,0.85,0.85,0.85,False,1.0,1.0,1.0,1.0,True
tdbD00011291,0.972972972972973,0.95,1.0,0.9743589743589743,False,1.0,1.0,1.0,1.0,True
tdbD00011303,1.0,1.0,1.0,1.0,True,1.0,1.0,1.0,1.0,True
tdbD00011309,1.0,1.0,1.0,1.0,True,1.0,1.0,1.0,1.0,True
tdbD00011327,0.9473684210526315,0.9047619047619048,1.0,0.9500000000000001,False,1.0,1.0,1.0,1.0,True
tdbD00011347,0.6666666666666666,0.5714285714285714,0.5217391304347826,0.5454545454545454,False,1.0,1.0,1.0,1.0,True
tdbD00011359,0.8591549295774648,0.7619047619047619,0.7619047619047619,0.7619047619047619,False,1.0,1.0,1.0,1.0,True
tdbD00011362,1.0,1.0,1.0,1.0,True,0.9166666666666666,0.8571428571428571,1.0,0.923076923076923,False
tdbD00011363,0.5,0.43478260869565216,0.3448275862068966,0.38461538461538464,False,0.9634146341463414,0.9565217391304348,0.9565217391304348,0.9565217391304348,False
tdbD00011371,0.8783783783783784,0.8571428571428571,0.8181818181818182,0.8372093023255814,False,1.0,1.0,1.0,1.0,True
tdbD00011375,0.8648648648648649,0.7727272727272727,1.0,0.8717948717948718,False,1.0,1.0,1.0,1.0,True
tdbD00011387,0.6842105263157895,0.38095238095238093,0.38095238095238093,0.38095238095238093,False,1.0,1.0,1.0,1.0,True
tdbD00011407,1.0,1.0,1.0,1.0,True,1.0,1.0,1.0,1.0,True
tdbD00011410,0.9324324324324325,0.9523809523809523,0.9090909090909091,0.9302325581395349,False,1.0,1.0,1.0,1.0,True
tdbD00011417,1.0,1.0,1.0,1.0,True,1.0,1.0,1.0,1.0,True
tdbD00011423,1.0,1.0,1.0,1.0,True,1.0,1.0,1.0,1.0,True
tdbD00011424,1.0,1.0,1.0,1.0,True,1.0,1.0,1.0,1.0,True
tdbD00011468,0.8611111111111112,0.7619047619047619,0.7619047619047619,0.7619047619047619,False,1.0,1.0,1.0,1.0,True
tdbD00011481,0.8611111111111112,0.7619047619047619,0.7619047619047619,0.7619047619047619,False,1.0,1.0,1.0,1.0,True
tdbD00011485,1.0,1.0,1.0,1.0,True,1.0,1.0,1.0,1.0,True
tdbD00011505,0.974025974025974,0.95,1.0,0.9743589743589743,False,1.0,1.0,1.0,1.0,True
tdbD00011513,1.0,1.0,1.0,1.0,True,1.0,1.0,1.0,1.0,True
tdbD00011526,0.9473684210526315,1.0,0.9090909090909091,0.9523809523809523,False,1.0,1.0,1.0,1.0,True
tdbD00011530,1.0,1.0,1.0,1.0,True,1.0,1.0,1.0,1.0,True
tdbD00011537,1.0,1.0,1.0,1.0,True,1.0,1.0,1.0,1.0,True
tdbD00011540,0.9452054794520548,0.9,1.0,0.9473684210526316,False,1.0,1.0,1.0,1.0,True
tdbD00011549,0.9487179487179487,0.7894736842105263,0.75,0.7692307692307692,False,1.0,1.0,1.0,1.0,True
tdbD00011660,0.6438356164383562,0.45,0.5,0.4736842105263158,False,1.0,1.0,1.0,1.0,True
tdbD00011664,0.8333333333333334,0.7,0.7368421052631579,0.717948717948718,False,1.0,1.0,1.0,1.0,True
tdbD00011676,0.6428571428571429,0.3125,0.3125,0.3125,False,0.7714285714285715,0.625,0.7142857142857143,0.6666666666666666,False
tdbD00011695,0.7790697674418605,0.5833333333333334,0.6086956521739131,0.5957446808510638,False,1.0,1.0,1.0,1.0,True
tdbD00011769,0.9764705882352941,1.0,0.9583333333333334,0.9787234042553191,False,1.0,1.0,1.0,1.0,True
tdbD00011783,0.9726027397260274,0.9545454545454546,1.0,0.9767441860465117,False,1.0,1.0,1.0,1.0,True
tdbD00011806,1.0,1.0,1.0,1.0,True,1.0,1.0,1.0,1.0,True
tdbD00011815,0.8666666666666667,0.7619047619047619,1.0,0.8648648648648648,False,1.0,1.0,1.0,1.0,True
tdbD00011833,0.8021978021978022,0.72,0.5454545454545454,0.6206896551724138,False,0.8681318681318682,0.68,0.68,0.68,False
tdbD00011871,0.9529411764705882,0.88,0.8148148148148148,0.8461538461538461,False,0.9294117647058824,0.88,0.88,0.88,False
tdbD00011874,0.9452054794520548,0.95,0.9047619047619048,0.9268292682926829,False,1.0,1.0,1.0,1.0,True
tdbD00011878,0.9733333333333334,1.0,0.9523809523809523,0.975609756097561,False,1.0,1.0,1.0,1.0,True
tdbD00011962,0.92,0.85,0.7391304347826086,0.7906976744186046,False,1.0,1.0,1.0,1.0,True
tdbD00011969,0.9761904761904762,1.0,0.9615384615384616,0.9803921568627451,False,0.9761904761904762,1.0,0.9615384615384616,0.9803921568627451,False
tdbD00011973,0.875,0.8095238095238095,0.7083333333333334,0.7555555555555556,False,1.0,1.0,1.0,1.0,True
tdbD00011974,0.8933333333333333,0.85,0.85,0.85,False,1.0,1.0,1.0,1.0,True
tdbD00011977,0.5675675675675675,0.55,0.39285714285714285,0.45833333333333337,False,1.0,1.0,1.0,1.0,True
tdbD00011980,0.972972972972973,1.0,0.9545454545454546,0.9767441860465117,False,1.0,1.0,1.0,1.0,True
tdbD00011987,1.0,1.0,1.0,1.0,True,1.0,1.0,1.0,1.0,True
tdbD00011991,0.788235294117647,0.72,0.6428571428571429,0.6792452830188679,False,0.8823529411764706,0.48,0.5714285714285714,0.5217391304347826,False
tdbD00012002,1.0,1.0,1.0,1.0,True,1.0,1.0,1.0,1.0,True
tdbD00012012,0.9459459459459459,1.0,0.9130434782608695,0.9545454545454545,False,1.0,1.0,1.0,1.0,True
tdbD00012019,0.6666666666666666,0.5909090909090909,0.6842105263157895,0.6341463414634148,False,1.0,1.0,1.0,1.0,True
tdbD00012042,1.0,1.0,1.0,1.0,True,1.0,1.0,1.0,1.0,True
tdbD00012045,0.7088607594936709,0.5714285714285714,0.5714285714285714,0.5714285714285714,False,1.0,1.0,1.0,1.0,True
tdbD00012048,0.8933333333333333,0.8095238095238095,0.7083333333333334,0.7555555555555556,False,1.0,1.0,1.0,1.0,True
tdbD00012057,0.7397260273972602,0.7272727272727273,0.8,0.761904761904762,False,1.0,1.0,1.0,1.0,True
tdbD00012078,0.9466666666666667,1.0,0.9166666666666666,0.9565217391304348,False,1.0,1.0,1.0,1.0,True
tdbD00012082,0.6705882352941176,0.5,0.5217391304347826,0.5106382978723404,False,1.0,1.0,1.0,1.0,True
tdbD00012095,0.5657894736842105,0.5454545454545454,0.5454545454545454,0.5454545454545454,False,1.0,1.0,1.0,1.0,True
,0.8948215521646078,0.8553054884786506,0.8609039552432709,0.8562712377787015,0.2762237762237762,0.99180829228773,0.9841244313061669,0.9946074846087513,0.9888191375655273,0.8776223776223776
